From	To
A0A024QZ42	10016
A0A024QZX5	5269
A0A024R0T9	344
A0A024R0Y4	6871
A0A024R154	54886
A0A024R161	552891
A0A024R1V6	7703
A0A024R216	50810
A0A024R3B9	1410
A0A024R3W6	8828
A0A024R4E5	3069
A0A024R4M0	6203
A0A024R4N9	79042
A0A024R4Q5	29844
A0A024R571	10938
A0A024R5I4	11309
A0A024R644	1203
A0A024R6X1	8824
A0A024R7N8	2657
A0A024RA52	5683
A0A024RB15	6171
A0A024RBT2	56616
A0A024RCL3	100507436
A0A024RCN4	7741
A0A075B6F3	1769
A0A075B6F5	84700
A0A075B6F8	79648
A0A075B6F9	51070
A0A075B6H0	11122
A0A075B6P0	137682
A0A075B738	5175
A0A075B746	54460
A0A075B747	57597
A0A075B756	136259
A0A075B759	728945
A0A075B759	730262
A0A075B781	5408
A0A075B7B1	23336
A0A075B7B5	23380
A0A080YUZ6	57151
A0A087WSW7	3070
A0A087WSY1	4593
A0A087WSY5	1361
A0A087WSZ2	89
A0A087WSZ6	317749
A0A087WT05	56111
A0A087WT10	100526739
A0A087WT22	7157
A0A087WT39	54923
A0A087WT42	29988
A0A087WT44	3163
A0A087WT64	4170
A0A087WT73	375616
A0A087WT87	6507
A0A087WTB5	3570
A0A087WTB8	7347
A0A087WTD2	51302
A0A087WTF0	138639
A0A087WTH1	100862671
A0A087WTR6	65217
A0A087WTR9	4194
A0A087WU06	10426
A0A087WU07	440574
A0A087WU38	80852
A0A087WUH9	10769
A0A087WUK1	6259
A0A087WUK2	9987
A0A087WUM3	100532726
A0A087WUN5	119504
A0A087WUW0	25776
A0A087WUX9	367
A0A087WV69	8863
A0A087WV86	79866
A0A087WVF5	26086
A0A087WVM4	25902
A0A087WVQ6	1213
A0A087WVR3	29128
A0A087WVS7	27124
A0A087WVT3	313
A0A087WVT9	4833
A0A087WVY3	5982
A0A087WW23	241
A0A087WW40	51100
A0A087WW44	2176
A0A087WW65	22
A0A087WW88	25978
A0A087WW96	6854
A0A087WWF6	5425
A0A087WWK8	9922
A0A087WWM0	27095
A0A087WWS6	3447
A0A087WWT2	51299
A0A087WWV9	27019
A0A087WWW8	23523
A0A087WX34	23322
A0A087WXD1	84679
A0A087WXF8	51538
A0A087WXG3	128408
A0A087WXL6	55823
A0A087WXM9	728637
A0A087WXV4	3172
A0A087WY59	83480
A0A087WY96	6533
A0A087WYD5	2967
A0A087WYF6	387680
A0A087WYI6	100133941
A0A087WYJ0	3782
A0A087WYL5	26470
A0A087WYL7	10001
A0A087WYT3	10728
A0A087WYZ4	1081
A0A087WZ19	580
A0A087WZ30	9401
A0A087WZ40	9053
A0A087WZ82	100533181
A0A087WZB5	29780
A0A087WZC3	6847
A0A087WZE9	9324
A0A087WZI7	115111
A0A087WZN1	3420
A0A087WZQ7	63908
A0A087WZT4	26279
A0A087WZT7	2622
A0A087WZU1	374462
A0A087WZV0	23262
A0A087WZX8	8447
A0A087WZY3	7840
A0A087WZY6	387712
A0A087X004	27165
A0A087X018	66035
A0A087X0E6	652991
A0A087X0H5	2690
A0A087X0I3	51816
A0A087X0I6	4139
A0A087X0K8	440435
A0A087X0T5	123803
A0A087X163	22931
A0A087X169	26147
A0A087X1C5	1564
A0A087X1E4	23647
A0A087X1G1	4698
A0A087X1P5	64708
A0A087X1R4	9589
A0A087X1S6	84725
A0A087X1S7	962
A0A087X282	30851
A0A087X295	11180
A0A087X296	5742
A0A087X2A4	4582
A0A087X2I1	5706
A0A087X2I7	4261
A0A088AWP5	158471
A0A096LNP1	100129216
A0A096LNV2	90342
A0A096LP07	2873
A0A096LP55	440567
A0A096LPE2	100528017
A0A0A0MQR1	11183
A0A0A0MQS7	3292
A0A0A0MQS9	3910
A0A0A0MQT0	5947
A0A0A0MQU6	57556
A0A0A0MR46	375316
A0A0A0MR51	3992
A0A0A0MR66	8241
A0A0A0MR89	9369
A0A0A0MR98	65220
A0A0A0MRA8	23136
A0A0A0MRG2	351
A0A0A0MRI2	58533
A0A0A0MRJ6	5110
A0A0A0MRK5	387103
A0A0A0MRK6	4580
A0A0A0MRL7	840
A0A0A0MRM2	4892
A0A0A0MRP2	8790
A0A0A0MRP6	6594
A0A0A0MRS4	55151
A0A0A0MRT6	10006
A0A0A0MRV0	6238
A0A0A0MRV2	84650
A0A0A0MRX4	57139
A0A0A0MS51	2934
A0A0A0MS52	818
A0A0A0MS69	5137
A0A0A0MS77	3601
A0A0A0MSC1	109
A0A0A0MSC5	2492
A0A0A0MSE3	185
A0A0A0MSI3	9317
A0A0A0MSK4	26086
A0A0A0MST0	4615
A0A0A0MSV9	6892
A0A0A0MSY9	2145
A0A0A0MSZ4	2232
A0A0A0MT22	5788
A0A0A0MT35	127281
A0A0A0MT39	6331
A0A0A0MT64	2232
A0A0A0MT80	50651
A0A0A0MT83	3712
A0A0A0MTC9	6440
A0A0A0MTE2	4008
A0A0A0MTF1	11309
A0A0A0MTG5	3574
A0A0A0MTI2	10603
A0A0A0MTJ0	7253
A0A0A0MTJ9	57552
A0A0A0MTL7	6934
A0A0A0MTM3	10370
A0A0A0MTQ4	56963
A0A0A6YY94	63923
A0A0A6YY96	3658
A0A0A6YY98	56302
A0A0A6YY99	407977
A0A0A6YYG5	286749
A0A0A6YYG9	100526693
A0A0A6YYJ4	7033
A0A0A6YYL1	100528021
A0A0B4J1S2	83953
A0A0B4J1S8	5298
A0A0B4J1T8	285220
A0A0B4J1V9	3070
A0A0B4J1W2	131540
A0A0B4J202	10874
A0A0B4J2A0	23729
A0A0B4J2C3	7178
A0A0B4J2E9	2206
A0A0C3SFZ9	23149
A0A0C4DFL7	1595
A0A0C4DFL8	23030
A0A0C4DFM0	2954
A0A0C4DFM7	23318
A0A0C4DFN1	55669
A0A0C4DFN2	2646
A0A0C4DFQ5	9622
A0A0C4DFR8	8409
A0A0C4DFS6	81848
A0A0C4DFT5	65010
A0A0C4DFT7	2993
A0A0C4DFT9	25861
A0A0C4DFW2	3621
A0A0C4DFX3	11117
A0A0C4DFX9	7469
A0A0C4DFZ2	410
A0A0C4DG02	1788
A0A0C4DG07	4683
A0A0C4DG17	3921
A0A0C4DG33	5189
A0A0C4DGA6	6596
A0A0C4DGB1	27292
A0A0C4DGC4	81669
A0A0C4DGK1	10914
A0A0C4DGL3	1854
A0A0C4DGL8	3240
A0A0C4DGT6	65057
A0A0C4DGU8	79791
A0A0C4DGV4	10542
A0A0C4DGV9	3981
A0A0C4DGX8	537
A0A0C4DGX9	123016
A0A0C4DH47	6916
A0A0C4DH71	51227
A0A0C4DH75	4355
A0A0D2X7Z3	1408
A0A0D9SF94	84787
A0A0D9SFJ1	51004
A0A0D9SGD3	83940
A0A0D9SGJ6	8867
A0A0U1RQX7	8556
A0A0U1RR16	245973
A0A183	448835
A0A5E8	10634
A0AV02	84561
A0AV96	54502
A0AVF1	79989
A0AVI4	92305
A0AVK6	79733
A0AVT1	55236
A0FGR8	57488
A0MZ66	57698
A0PG75	389158
A0PJK1	125206
A0PJW8	92196
A0PJY2	389549
A0PJZ3	727936
A0PK00	144404
A1A4Y4	345611
A1A5B4	338440
A1A5C7	63027
A1E959	54959
A1KZ92	137902
A1L167	134111
A1L190	644186
A1L3X0	79993
A1L4H1	284297
A1X283	285590
A1YPR0	201501
A1Z1Q3	140733
A2A288	340152
A2A3D8	65217
A2ABF8	10919
A2IDD5	124093
A2PYH4	164045
A2RRP1	51594
A2RTX5	123283
A2RU30	9840
A2RU49	123688
A2RU54	3167
A2RUB6	285331
A2RUC4	129450
A2RUS0	151
A2RUS2	22898
A2T115	267012
A2VDF0	282969
A2VDJ0	23240
A4D126	729920
A4D1B5	54103
A4D1E9	85865
A4D1T9	136242
A4D2G3	392138
A4D2P6	392862
A4QPB2	91355
A4UGR9	129446
A5A3E0	728378
A5D6W6	161247
A5D8V6	55048
A5D8V7	115948
A5JUZ3	1647
A5LHX3	122706
A5PKW4	5662
A5PLL3	7994
A5X5Y0	285242
A5YKK6	23019
A5YM72	57571
A6BM72	84465
A6NC86	390940
A6NC98	283234
A6NCB9	2138
A6NCE7	643246
A6NCF5	123103
A6NCQ9	643904
A6NCS4	137814
A6ND01	390243
A6ND48	401994
A6ND91	554235
A6NDB9	342979
A6NDG6	283871
A6NDS4	414059
A6NDV4	51754
A6NDZ8	653656
A6NE02	388419
A6NE52	340390
A6NF36	101927581
A6NFA1	388630
A6NFD8	391723
A6NFH5	646486
A6NFK2	643226
A6NFQ2	285966
A6NFV8	84062
A6NFY7	644096
A6NGB9	644150
A6NGE7	646625
A6NGG8	388939
A6NGQ2	441161
A6NH52	780776
A6NHG8	7187
A6NHQ4	100170841
A6NHR9	23347
A6NHT5	340784
A6NI15	343930
A6NI61	389827
A6NIH7	84747
A6NIX2	126374
A6NJ46	157848
A6NJ78	196074
A6NJI9	100506049
A6NJT0	340260
A6NK06	730249
A6NK58	387787
A6NKC6	94137
A6NKD2	64591
A6NKD9	317762
A6NKT7	653489
A6NL88	729956
A6NLF2	100506888
A6NLJ0	388125
A6NMB9	401720
A6NMN3	170370
A6NMT0	120237
A6NMV7	3061
A6NMX2	253314
A6NMZ7	131873
A6NN97	57185
A6NNA5	644168
A6NNB3	387733
A6NNS2	201140
A6NNY8	389856
A6PVI3	392517
A6PVL3	148930
A6XGL0	374887
A7E2Y1	57644
A7XYQ1	55084
A8K0H0	3429
A8K0Z3	100287171
A8K2U0	144568
A8K5M9	643338
A8K7I4	1179
A8K8P3	9814
A8K979	112479
A8MPS7	150223
A8MPY1	200959
A8MQ02	4301
A8MQ27	54492
A8MSY1	100526772
A8MT69	201254
A8MTJ3	346562
A8MTK3	25913
A8MTQ0	344022
A8MTZ0	92482
A8MU46	219537
A8MUM7	148003
A8MUP8	5914
A8MW95	441925
A8MW99	101928601
A8MX02	124751
A8MXD5	389207
A8MXH5	1288
A8MXV4	390916
A8MYT4	5289
A8MYU2	157855
A8MZ36	645027
A9QM74	402569
A9YTQ3	57491
A9Z1W9	255220
B0I1T2	64005
B0QY95	54471
B0QYS6	7942
B0YJ81	9200
B1AHC9	2547
B1AK53	83715
B1AK88	832
B1AMS2	23157
B1AP13	1604
B1APP6	5214
B1AR61	3098
B1PBA3	55627
B2R4S9	8339
B2R4S9	8343
B2R4S9	8344
B2R4S9	8346
B2R4S9	8347
B2RA97	29104
B2RTY4	4649
B2RXF0	730130
B2RXH2	390245
B3KS59	64174
B3KSI3	587
B3KW70	8076
B3SHH9	283953
B4DED4	84264
B4DFF3	1201
B4DGP2	59350
B4DGU4	1499
B4DGW9	51440
B4DK25	11101
B4DL54	100529261
B4DLN5	25970
B4DM58	1719
B4DND0	7378
B4DNK4	5315
B4DS77	729993
B4DTQ9	284
B4DUT8	1265
B4DWJ3	55840
B4DX60	144715
B4DXU5	10062
B4DY26	7046
B4DY77	55821
B4DZ60	262
B4DZS0	1677
B4E0T2	5830
B4E127	6996
B4E3E2	56964
B4E3T4	11030
B5MCR8	55676
B5MCT2	2115
B5MCV2	728294
B5ME19	728689
B7U540	100134444
B7WPH3	27443
B7WPL9	9677
B7Z1U7	54715
B7Z212	54511
B7Z278	11069
B7Z2Q2	55331
B7Z3L6	9154
B7Z4W5	883
B7Z685	2983
B7ZAQ6	51463
B7ZAQ6	653519
B7ZAX5	2585
B7ZBB8	648791
B7ZKJ3	2044
B7ZL88	285521
B7ZLG1	50943
B7ZLQ5	6594
B7ZLR4	540
B7ZM99	25902
C9IZU8	6120
C9J1J0	107
C9J202	644974
C9J2Y9	5431
C9J4K0	79074
C9J5X1	3480
C9JE40	197135
C9JFV4	27043
C9JJ19	65993
C9JME2	10160
C9JQA1	10084
D3DTX6	84687
D3DWC4	259230
D3DX19	7122
D3W0D1	100431172
D6RAR4	3083
D6RBW1	1977
D6RF47	7478
D6RGH6	345643
D6RI10	6691
D6W5U7	10734
D6W5Y5	1153
E5RFY4	285753
E5RH45	5375
E7ETN2	2139
E7ETR0	8607
E7EUN9	54920
E7EV84	8678
E7EV90	57210
E7EX17	1975
E7EX88	176
E9PAT1	54866
E9PBP6	4547
E9PCN2	2983
E9PCX7	23530
E9PDJ2	1827
E9PEI0	157313
E9PES4	11127
E9PEX6	1738
E9PF10	9631
E9PH57	6925
E9PIC8	887
E9PJF4	1207
E9PJX4	121512
E9PPJ3	219537
F1T0K3	5145
F2Z2P2	150290
F5GWI4	100
F5GX30	4074
F5GX32	5893
F5GXF0	3164
F5GXS2	81
F5GZG6	27010
F5H127	9187
F5H2B5	122618
F5H2X7	25792
F5H5D3	84790
F5H6H0	8091
F6TDL0	110117499
F6VRR5	84271
F6VUX8	55835
F6WQW2	5902
F8VNR3	7039
F8VPD4	790
F8VQZ7	10988
F8VVT9	116986
F8VX04	81539
F8VY02	10961
F8W1A4	204
F8W7T1	8110
F8W7W8	3077
F8W883	23026
F8W9F8	29974
F8WBA1	56244
F8WCM8	2051
G0XQ39	6786
G3V1S7	3036
G3XAK1	4485
G5E9I4	25855
G8JLG1	8243
G8JLG2	1041
H0YL14	90120
H3BMD8	10776
H3BMQ0	7249
H3BN52	79650
H3BP16	55142
H3BSW6	348180
H7C2I1	3276
H9KV77	55352
H9KVD2	6331
I0J062	101927423
I3L273	100507003
J3KN59	663
J3KNB4	820
J3KNF6	285704
J3KNL2	1731
J3KNS1	23287
J3KQS6	29086
J3KQV8	8867
J3KR25	57761
J3KTA4	1655
J3QQX2	396
J3QRS3	10627
J3QTB1	340061
K7ELL7	5589
K9M1U5	101180976
M0QY76	7538
M0QYZ2	1175
M5A8F1	90625
O00115	1777
O00116	8540
O00139	3796
O00141	6446
O00142	7084
O00144	8326
O00148	10212
O00154	11332
O00159	4641
O00161	8773
O00165	10456
O00167	2139
O00168	5348
O00170	9049
O00175	6369
O00178	9567
O00180	3775
O00182	3965
O00186	6814
O00187	10747
O00189	9179
O00194	5874
O00198	8739
O00203	8546
O00204	6820
O00206	7099
O00212	29984
O00213	322
O00214	3964
O00217	4728
O00219	3038
O00220	8797
O00221	4794
O00222	2918
O00231	5717
O00232	5718
O00233	5715
O00238	658
O00244	475
O00253	181
O00254	2151
O00255	4221
O00257	8535
O00267	6829
O00268	6874
O00273	1676
O00292	7044
O00294	7287
O00300	4982
O00303	8665
O00305	785
O00308	11060
O00311	8317
O00321	2116
O00322	11045
O00327	406
O00329	5293
O00330	8050
O00337	9154
O00338	6819
O00339	4147
O00341	6512
O00358	2304
O00391	5768
O00400	9197
O00401	8976
O00408	5138
O00409	1112
O00410	3843
O00411	5442
O00418	29904
O00421	9034
O00422	10284
O00423	2009
O00425	10643
O00429	10059
O00443	5286
O00444	10733
O00445	6861
O00451	2675
O00453	7940
O00458	3475
O00459	5296
O00462	4126
O00463	7188
O00468	375790
O00469	5352
O00470	4211
O00472	22936
O00476	10786
O00481	11119
O00482	2494
O00483	4697
O00487	10213
O00499	274
O00501	7122
O00505	3839
O00506	10494
O00507	8287
O00512	607
O00519	2166
O00522	889
O00533	10752
O00541	23481
O00548	28514
O00555	773
O00559	9166
O00560	6386
O00562	9600
O00566	10199
O00567	10528
O00570	6656
O00571	1654
O00574	10663
O00584	8635
O00585	6366
O00587	4242
O00590	1238
O00591	2568
O00592	5420
O00602	2219
O00622	3491
O00623	5193
O00625	8544
O00628	5191
O00631	6588
O00635	10475
O00712	4781
O00716	1871
O00744	7480
O00746	4833
O00748	8824
O00750	5287
O00755	7476
O00757	8789
O00762	11065
O00763	32
O00764	8566
O00767	6319
O14493	1364
O14494	8611
O14495	8613
O14497	8289
O14503	8553
O14508	8835
O14511	9542
O14512	30837
O14519	8099
O14520	364
O14521	6392
O14522	11122
O14523	9854
O14525	460
O14526	23149
O14529	23316
O14531	10570
O14543	9021
O14544	9306
O14556	26330
O14561	4706
O14576	1780
O14578	11113
O14594	1463
O14595	10106
O14599	442867
O14599	442868
O14599	9083
O14604	9087
O14607	7404
O14613	10435
O14617	8943
O14618	9973
O14625	6373
O14627	1046
O14633	26239
O14638	5169
O14640	1855
O14641	1856
O14645	7802
O14646	1105
O14647	1106
O14649	3777
O14653	9570
O14656	1861
O14662	8675
O14672	102
O14678	5826
O14682	8507
O14684	9536
O14686	8085
O14713	9270
O14717	1787
O14718	10692
O14727	317
O14732	3613
O14733	5609
O14734	10005
O14735	10423
O14737	9141
O14744	10419
O14745	9368
O14746	7015
O14753	5017
O14756	8630
O14757	1111
O14770	4212
O14772	8790
O14773	1200
O14775	10681
O14776	10915
O14777	10403
O14786	8829
O14788	8600
O14791	8542
O14793	2660
O14795	10497
O14796	117157
O14802	11128
O14804	9038
O14810	10815
O14813	401
O14829	5475
O14830	5470
O14832	5264
O14836	23495
O14841	26873
O14842	2864
O14843	2865
O14862	9447
O14863	7782
O14867	571
O14874	10295
O14879	3437
O14880	4259
O14893	8487
O14896	3664
O14904	7483
O14905	7484
O14907	30851
O14908	10755
O14910	8825
O14917	27253
O14920	3551
O14921	6003
O14924	6002
O14925	100287932
O14929	8520
O14931	259197
O14933	9246
O14936	8573
O14939	5338
O14944	2069
O14949	27089
O14950	103910
O14950	10627
O14958	845
O14964	9146
O14965	6790
O14966	8934
O14967	1047
O14974	4659
O14975	11001
O14977	51582
O14979	9987
O14980	7514
O14981	9044
O14983	487
O14986	8395
O15020	6712
O15031	23654
O15041	9723
O15047	9739
O15054	23135
O15055	8864
O15056	8871
O15061	23336
O15066	9371
O15067	5198
O15068	23263
O15072	9508
O15075	9201
O15078	80184
O15090	9745
O15091	9692
O15105	4092
O15111	1147
O15116	27257
O15118	4864
O15119	6926
O15120	10555
O15123	285
O15130	8620
O15144	10109
O15146	4593
O15151	4194
O15156	51043
O15160	9533
O15162	5359
O15164	8805
O15165	753
O15169	8312
O15178	6862
O15182	1070
O15198	4093
O15205	10537
O15212	10471
O15213	9277
O15218	11318
O15228	8443
O15229	8564
O15230	3911
O15234	22794
O15235	6183
O15240	7425
O15243	54741
O15244	6582
O15245	6580
O15247	1193
O15254	8310
O15259	4867
O15260	6836
O15265	6314
O15269	10558
O15273	8557
O15287	2189
O15294	8473
O15296	247
O15297	8493
O15303	2916
O15304	10572
O15315	5890
O15327	8821
O15335	1101
O15342	8992
O15347	3149
O15350	7161
O15353	8456
O15354	2861
O15357	3636
O15370	6666
O15371	8664
O15374	9122
O15379	8841
O15381	4931
O15382	587
O15391	404281
O15392	332
O15393	7113
O15399	2906
O15400	8417
O15409	93986
O15417	84629
O15431	1317
O15432	1318
O15438	8714
O15439	10257
O15444	6370
O15446	10849
O15455	7098
O15457	4438
O15466	29906
O15467	6360
O15484	726
O15488	8908
O15496	8399
O15498	10652
O15503	3638
O15504	11097
O15514	5433
O15516	9575
O15519	8837
O15520	2255
O15524	8651
O15525	4097
O15527	4968
O15528	1594
O15530	5170
O15533	6892
O15534	5187
O15537	6247
O15541	7737
O15547	9127
O15550	7403
O15552	2867
O15553	4210
O15554	3783
O43143	1665
O43147	9905
O43151	200424
O43155	23768
O43156	9675
O43157	5364
O43159	23378
O43164	9867
O43172	9128
O43173	51046
O43174	1592
O43175	26227
O43181	4724
O43182	395
O43186	1406
O43189	5252
O43193	2862
O43196	4439
O43236	5414
O43246	6545
O43251	23543
O43252	9061
O43255	6478
O43257	10467
O43264	9183
O43272	5625
O43278	6692
O43280	11181
O43286	9334
O43290	9092
O43292	8733
O43293	1613
O43294	7041
O43299	9907
O43306	112
O43312	9788
O43314	23262
O43315	366
O43318	6885
O43320	8823
O43323	50846
O43324	9521
O43347	4440
O43353	8767
O43364	3199
O43365	3200
O43390	10236
O43396	9352
O43424	2895
O43426	8867
O43432	8672
O43435	6899
O43447	10465
O43451	8972
O43462	51360
O43463	6839
O43464	27429
O43474	9314
O43482	11339
O43488	8574
O43490	8842
O43491	2037
O43497	8913
O43502	5889
O43504	10542
O43505	11041
O43508	407977
O43508	8742
O43511	5172
O43516	7456
O43520	5205
O43521	10018
O43524	2309
O43525	3786
O43529	9486
O43541	4091
O43542	7517
O43543	7516
O43556	8910
O43557	8740
O43561	27040
O43566	10636
O43570	771
O43581	9066
O43583	8562
O43592	11260
O43593	55806
O43597	10253
O43602	1641
O43603	8811
O43610	10251
O43612	3060
O43613	3061
O43614	3062
O43623	6591
O43633	27243
O43639	8440
O43657	7105
O43660	5356
O43663	9055
O43670	7756
O43679	9079
O43680	6943
O43681	439
O43683	699
O43684	9184
O43687	9465
O43704	27284
O43707	81
O43708	2954
O43711	30012
O43715	51499
O43716	283459
O43719	27336
O43734	10758
O43736	9452
O43739	9265
O43741	5565
O43745	63928
O43747	164
O43759	9145
O43763	3196
O43765	6449
O43768	2029
O43772	788
O43795	4430
O43805	8636
O43808	10478
O43809	11051
O43813	10314
O43818	9136
O43819	9997
O43820	8372
O43823	10270
O43825	8707
O43826	2542
O43829	7541
O43837	3420
O43847	4898
O43861	374868
O43865	10768
O43866	922
O43868	9153
O43889	10488
O43909	2137
O43914	7305
O43915	2277
O43916	8534
O43918	326
O43927	10563
O43933	5189
O60216	5885
O60218	57016
O60238	665
O60239	9467
O60243	9394
O60244	9282
O60245	5099
O60248	6665
O60256	5636
O60258	8822
O60259	11202
O60260	5071
O60264	8467
O60266	109
O60271	9043
O60282	3800
O60291	23295
O60313	4976
O60315	9839
O60337	10299
O60341	23028
O60343	9882
O60344	110599564
O60344	110599583
O60344	9718
O60346	23239
O60347	23232
O60353	8323
O60356	26471
O60359	10368
O60381	26959
O60383	2661
O60391	116444
O60422	390874
O60423	148229
O60427	3992
O60443	1687
O60469	1826
O60476	10905
O60479	1747
O60481	7547
O60486	10154
O60488	2182
O60493	8724
O60494	8029
O60500	4868
O60502	10724
O60503	115
O60504	10174
O60506	10492
O60512	8703
O60513	8702
O60516	8637
O60519	1389
O60543	1149
O60547	2762
O60551	9397
O60563	904
O60565	26585
O60566	701
O60568	8985
O60583	905
O60602	7100
O60603	7097
O60609	2676
O60610	1729
O60636	10100
O60641	9892
O60645	11336
O60656	54600
O60658	5151
O60662	10324
O60669	9194
O60671	5810
O60673	5980
O60674	3717
O60675	7975
O60678	10196
O60687	27286
O60701	7358
O60706	10060
O60711	9404
O60716	1500
O60721	9187
O60725	23463
O60733	8398
O60741	348980
O60749	6643
O60760	27306
O60762	8813
O60763	8615
O60765	6940
O60779	10560
O60806	9095
O60814	85236
O60825	5208
O60826	28952
O60828	10084
O60831	11230
O60832	1736
O60844	653808
O60858	10206
O60882	9313
O60883	9283
O60884	10294
O60885	23476
O60890	4983
O60894	10267
O60895	10266
O60896	10268
O60902	6474
O60906	6610
O60911	1515
O60921	3364
O60927	6992
O60930	246243
O60931	1497
O60934	4683
O60936	8996
O60938	11081
O60939	6327
O60942	8732
O75030	4286
O75044	23380
O75051	5362
O75052	9722
O75061	9829
O75064	9909
O75072	2218
O75083	9948
O75084	8324
O75093	6585
O75094	6586
O75096	4038
O75106	314
O75112	11155
O75116	9475
O75122	23122
O75127	26024
O75128	23242
O75129	23245
O75140	9681
O75144	23308
O75147	23363
O75150	9810
O75151	5253
O75152	9877
O75154	9727
O75155	23066
O75159	9655
O75161	261734
O75164	9682
O75165	23317
O75179	26057
O75182	23309
O75185	9914
O75190	10049
O75191	9942
O75192	8800
O75197	4041
O75251	374291
O75293	4616
O75298	6253
O75310	10720
O75311	8001
O75312	8882
O75323	2631
O75324	8303
O75326	8482
O75340	10016
O75342	242
O75344	8468
O75348	9550
O75351	9525
O75354	955
O75355	956
O75356	957
O75360	5626
O75364	5309
O75365	11156
O75367	9555
O75369	2317
O75376	9611
O75379	8674
O75380	4726
O75381	5195
O75385	8408
O75386	7289
O75387	8501
O75394	9553
O75396	9554
O75398	10522
O75417	10721
O75419	8318
O75436	9559
O75439	9512
O75445	7399
O75460	2081
O75462	9244
O75469	8856
O75473	8549
O75475	11168
O75477	10613
O75478	6871
O75487	2239
O75494	10772
O75503	1203
O75506	3281
O75508	5010
O75509	27242
O75521	10455
O75530	8726
O75531	8815
O75533	23451
O75534	7812
O75553	1600
O75563	8935
O75569	8575
O75570	9617
O75575	27297
O75578	8515
O75581	4040
O75582	9252
O75586	10001
O75593	8928
O75594	8993
O75600	23464
O75604	9099
O75608	10434
O75626	639
O75631	7380
O75635	8710
O75636	8547
O75643	23020
O75648	55687
O75663	261726
O75665	8481
O75674	10040
O75676	8986
O75683	6838
O75688	5495
O75689	11033
O75690	57830
O75691	27340
O75694	9631
O75712	2707
O75715	2880
O75718	10491
O75746	8604
O75751	6581
O75752	8706
O75762	8989
O75781	5064
O75787	10159
O75792	10535
O75800	51364
O75807	23645
O75822	8669
O75828	874
O75829	11061
O75838	10518
O75843	8906
O75844	10269
O75845	6309
O75865	79090
O75874	3417
O75880	6341
O75881	9420
O75888	8741
O75891	10840
O75896	11334
O75899	9568
O75900	8510
O75901	9182
O75907	8694
O75908	8435
O75909	8812
O75911	9249
O75912	9162
O75914	5063
O75915	10550
O75916	8787
O75925	8554
O75934	10286
O75936	8424
O75947	10476
O75952	26256
O75955	10211
O75962	7204
O75995	54440
O76003	10539
O76024	7466
O76031	10845
O76036	9437
O76038	10590
O76039	6792
O76041	10529
O76050	9148
O76054	23541
O76062	7108
O76064	9025
O76071	9391
O76074	8654
O76075	1677
O76080	7763
O76082	6584
O76083	5152
O76090	7439
O76093	8817
O76094	6731
O77932	1797
O94759	7226
O94760	23576
O94761	9401
O94762	9400
O94766	26229
O94769	1842
O94776	9219
O94777	8818
O94782	7398
O94788	8854
O94804	6793
O94808	9945
O94810	8786
O94811	11076
O94813	9353
O94817	9140
O94826	9868
O94832	4642
O94851	9645
O94856	23114
O94874	23376
O94875	8470
O94880	9678
O94885	23328
O94887	9855
O94888	26043
O94901	23353
O94906	24148
O94907	22943
O94910	22859
O94911	10351
O94915	285527
O94916	10725
O94921	5218
O94923	26035
O94925	2744
O94966	10869
O94972	4591
O94973	161
O94979	22872
O94985	22883
O94986	22995
O94989	22899
O94991	26050
O94992	10614
O94993	11063
O95045	151531
O95050	11185
O95069	3776
O95071	51366
O95096	4821
O95136	9294
O95140	9927
O95149	10073
O95150	9966
O95153	9256
O95155	10277
O95163	8518
O95180	8912
O95185	8633
O95190	4947
O95197	10313
O95199	1102
O95201	7755
O95202	3954
O95210	8987
O95219	8723
O95229	11130
O95237	9227
O95238	25803
O95239	24137
O95243	8930
O95249	9527
O95251	11143
O95259	3756
O95267	10125
O95271	8658
O95278	7957
O95292	9217
O95295	23557
O95336	25796
O95342	8647
O95343	6496
O95347	10592
O95352	10533
O95361	10626
O95365	51341
O95376	10425
O95377	2709
O95390	10220
O95391	10569
O95393	27302
O95394	5238
O95395	9245
O95396	27304
O95398	10411
O95399	10911
O95405	9372
O95425	6840
O95427	23556
O95429	9530
O95445	55937
O95455	23483
O95456	8624
O95461	9215
O95466	752
O95470	8879
O95471	1366
O95476	23399
O95477	19
O95478	10412
O95479	9563
O95486	10802
O95487	10427
O95528	81031
O95551	51567
O95563	25874
O95571	23474
O95573	2181
O95619	8089
O95622	111
O95631	9423
O95633	10272
O95639	10898
O95665	23620
O95674	8760
O95684	11116
O95685	5509
O95707	10775
O95715	9547
O95716	9545
O95721	9342
O95727	56253
O95747	9943
O95749	9453
O95750	9965
O95758	9991
O95759	11138
O95760	90865
O95782	160
O95785	58525
O95786	23586
O95793	6780
O95800	10936
O95813	9350
O95816	9532
O95817	9531
O95819	9448
O95822	23417
O95825	9946
O95831	9131
O95835	9113
O95848	256281
O95857	27075
O95858	23555
O95861	10380
O95863	6615
O95864	9415
O95866	80739
O95876	51057
O95881	51060
O95897	93145
O95905	11319
O95907	23539
O95918	7932
O95922	25809
O95925	100526773
O95925	57119
O95926	25949
O95931	23492
O95935	9096
O95936	8320
O95947	6911
O95948	9480
O95954	10841
O95971	11126
O95972	9210
O95980	8434
O95985	8940
O95989	11165
O95992	9023
O95994	10551
O95996	10297
O95997	9232
O95998	10068
O95999	8915
O96001	10842
O96004	9421
O96005	1209
O96006	9189
O96008	10452
O96009	9476
O96014	7481
O96017	11200
O96019	86
O96024	8705
O96028	7468
P00156	4519
P00167	1528
P00326	126
P00338	3939
P00352	216
P00367	2746
P00374	1719
P00387	1727
P00390	2936
P00395	4512
P00414	4514
P00439	5053
P00441	6647
P00451	2157
P00480	5009
P00491	4860
P00492	3251
P00505	2806
P00519	25
P00533	1956
P00540	4342
P00558	5230
P00568	203
P00734	2147
P00738	3240
P00740	2158
P00742	2159
P00746	1675
P00747	5340
P00748	2161
P00749	5328
P00751	629
P00797	5972
P00813	100
P00918	760
P00966	445
P00973	4938
P00995	6690
P01008	462
P01019	183
P01023	2
P01024	718
P01031	727
P01033	7076
P01034	1471
P01036	1472
P01042	3827
P01100	2353
P01106	4609
P01112	3265
P01116	3845
P01127	5155
P01130	3949
P01133	1950
P01137	7040
P01138	4803
P01148	2796
P01160	4878
P01178	5020
P01185	551
P01189	5443
P01210	5179
P01225	2488
P01236	5617
P01241	2688
P01258	796
P01266	7038
P01270	5741
P01275	2641
P01282	7432
P01286	2691
P01303	4852
P01308	3630
P01344	3481
P01374	4049
P01375	7124
P01562	3439
P01562	3447
P01563	3440
P01574	3456
P01579	3458
P01583	3552
P01584	3553
P01588	2056
P01589	3559
P01591	3512
P01730	920
P01732	925
P01833	5284
P01889	3106
P01891	3105
P01892	3105
P01903	3122
P01912	3123
P02100	3046
P02144	4151
P02452	1277
P02458	1280
P02461	1281
P02489	102724652
P02489	1409
P02511	1410
P02533	3861
P02545	4000
P02549	6708
P02647	335
P02649	348
P02652	336
P02654	341
P02655	344
P02656	345
P02671	2243
P02675	2244
P02686	4155
P02708	1134
P02730	6521
P02741	1401
P02743	325
P02745	712
P02747	714
P02748	735
P02749	350
P02751	2335
P02753	5950
P02760	259
P02763	5004
P02765	197
P02768	213
P02771	174
P02774	2638
P02775	5473
P02776	5196
P02778	3627
P02786	7037
P02787	7018
P02788	4057
P02790	3263
P02792	2512
P02794	2495
P02795	4502
P02808	6779
P02818	632
P03372	2099
P03897	4537
P03950	283
P03951	2160
P03971	268
P04003	722
P04004	7448
P04035	3156
P04040	847
P04049	5894
P04053	1791
P04054	5319
P04062	2629
P04066	2517
P04075	226
P04083	301
P04085	5154
P04114	338
P04118	1208
P04141	1437
P04150	2908
P04156	5621
P04179	6648
P04180	3931
P04181	4942
P04183	7083
P04196	3273
P04198	4613
P04201	4142
P04229	3123
P04233	972
P04234	915
P04271	6285
P04275	7450
P04279	6406
P04406	2597
P04626	2064
P04628	7471
P04629	4914
P04637	7157
P04746	279
P04792	3315
P04798	1543
P04818	7298
P04839	1536
P04921	2995
P05019	3479
P05023	476
P05026	481
P05062	229
P05067	351
P05089	383
P05090	347
P05091	217
P05093	1586
P05106	3690
P05107	3689
P05108	1583
P05109	6279
P05111	3623
P05112	3565
P05113	3567
P05121	5054
P05129	5582
P05141	292
P05154	5104
P05161	9636
P05162	3957
P05164	4353
P05165	5095
P05177	1544
P05181	1571
P05186	249
P05198	1965
P05230	2246
P05231	3569
P05305	1906
P05362	3383
P05386	6176
P05412	3725
P05413	2170
P05452	7123
P05455	6741
P05546	3053
P05549	7020
P05556	3688
P05771	5579
P05783	3875
P05814	1447
P05937	793
P05976	4632
P05981	3249
P05997	1290
P06126	909
P06132	7389
P06133	7363
P06213	3643
P06239	3932
P06276	590
P06280	2717
P06340	3111
P06396	2934
P06400	5925
P06493	983
P06576	506
P06702	6280
P06727	337
P06729	914
P06731	1048
P06732	1158
P06734	2208
P06737	5836
P06744	2821
P06746	5423
P06748	4869
P06753	7170
P06756	3685
P06850	1392
P06858	4023
P06881	796
P07093	5270
P07099	2052
P07101	7054
P07148	2168
P07196	4747
P07197	4741
P07202	7173
P07203	2876
P07237	5034
P07288	354
P07306	432
P07316	1419
P07332	2242
P07333	1436
P07355	302
P07437	203068
P07451	761
P07476	3713
P07550	154
P07585	1634
P07602	5660
P07686	3074
P07711	1514
P07737	5216
P07738	669
P07741	353
P07766	916
P07814	2058
P07858	1508
P07864	3948
P07900	3320
P07902	2592
P07910	3183
P07911	7369
P07942	3912
P07947	7525
P07948	4067
P07949	5979
P07951	7169
P07954	2271
P07988	6439
P07992	2067
P07996	7057
P07998	6035
P08034	2705
P08047	6667
P08069	3480
P08100	6010
P08133	309
P08134	389
P08138	4804
P08151	2735
P08172	1129
P08174	1604
P08183	5243
P08195	6520
P08217	63036
P08236	2990
P08237	5213
P08238	3326
P08240	6734
P08243	440
P08246	1991
P08247	6855
P08254	4314
P08311	1511
P08319	127
P08397	3145
P08473	4311
P08476	3624
P08514	3674
P08559	5160
P08567	5341
P08571	929
P08574	1537
P08575	5788
P08579	6629
P08581	4233
P08588	153
P08590	4634
P08620	2249
P08621	6625
P08631	3055
P08648	3678
P08684	1576
P08686	1589
P08700	3562
P08708	6218
P08709	2155
P08727	3880
P08754	2773
P08758	308
P08779	3868
P08833	3484
P08842	412
P08865	3921
P08887	3570
P08908	3350
P08910	11057
P08912	1133
P08913	150
P08922	6098
P08949	4828
P08962	967
P09038	2247
P09086	5452
P09110	30
P09131	8273
P09172	1621
P09211	2950
P09234	6631
P09327	7429
P09382	3956
P09417	5860
P09429	3146
P09430	7141
P09467	2203
P09471	2775
P09488	2944
P09493	7168
P09496	1211
P09529	3625
P09544	7472
P09601	3162
P09603	1435
P09619	5159
P09622	1738
P09629	3217
P09651	3178
P09661	6627
P09668	1512
P09681	2695
P09683	6343
P09693	917
P09758	4070
P09769	2268
P09848	3938
P09874	142
P09884	5422
P09914	3434
P09917	240
P09919	1440
P09936	7345
P09958	5045
P09960	4048
P0C024	283927
P0C0L5	100293534
P0C0L5	721
P0C1S8	494551
P0C2W1	200933
P0C7M7	341392
P0C7T3	390084
P0C7T5	342371
P0C851	644139
P0C869	100137049
P0C869	8681
P0CAP2	81488
P0CG13	54921
P0CG37	55997
P0CG47	7314
P0CG48	7316
P0DJI8	6288
P0DJJ0	653464
P0DMC3	100506013
P0DMT0	100507027
P0DMV8	3303
P0DMV8	3304
P0DN79	102724560
P0DN79	875
P10070	2736
P10071	2737
P10109	2230
P10124	5552
P10145	3576
P10147	6348
P10155	6738
P10242	4602
P10244	4605
P10253	2548
P10275	367
P10276	5914
P10301	6237
P10323	49
P10412	3008
P10415	596
P10451	6696
P10515	1737
P10523	6295
P10586	5792
P10599	7295
P10600	7043
P10619	5476
P10620	4257
P10632	1558
P10635	1565
P10636	4137
P10644	5573
P10645	1113
P10721	3815
P10745	5949
P10746	7390
P10747	940
P10809	3329
P10826	5915
P10827	7067
P10909	1191
P10912	2690
P10914	3659
P10916	4633
P11021	3309
P11055	4621
P11086	5409
P11142	3312
P11150	3990
P11161	1959
P11166	6513
P11168	6514
P11172	7372
P11182	1629
P11215	3684
P11226	4153
P11229	1128
P11230	1140
P11233	5898
P11234	5899
P11245	10
P11274	613
P11279	3916
P11308	2078
P11310	34
P11362	2260
P11387	7150
P11388	7153
P11413	2539
P11441	8266
P11473	7421
P11474	2101
P11487	2248
P11488	2779
P11498	5091
P11509	1548
P11532	1756
P11586	4522
P11597	1071
P11678	8288
P11684	7356
P11712	1559
P11766	128
P11831	6722
P11926	4953
P11940	26986
P12004	5111
P12036	4744
P12107	1301
P12235	291
P12236	293
P12270	7175
P12271	6017
P12273	5304
P12319	2205
P12544	3001
P12643	650
P12644	652
P12694	593
P12755	6497
P12757	6498
P12814	87
P12821	1636
P12830	999
P12838	1669
P12931	6714
P12955	5184
P12956	2547
P13010	7520
P13051	7374
P13164	8519
P13284	10437
P13473	3920
P13489	6050
P13498	1535
P13500	6347
P13501	6352
P13533	4624
P13535	4626
P13569	1080
P13584	1580
P13612	3676
P13631	5916
P13637	478
P13639	1938
P13686	54
P13688	634
P13716	210
P13725	5008
P13726	2152
P13747	3133
P13796	3936
P13797	5358
P13805	7138
P13807	2997
P13866	6523
P13945	155
P13984	2963
P14060	3283
P14061	3292
P14136	2670
P14174	4282
P14207	2350
P14210	3082
P14222	5551
P14373	5987
P14410	6476
P14416	1813
P14550	10327
P14598	653361
P14616	3645
P14618	5315
P14625	7184
P14635	891
P14651	3213
P14652	3212
P14653	3211
P14672	6517
P14678	6628
P14679	7299
P14735	3416
P14778	3554
P14780	4318
P14866	3191
P14867	2554
P14902	3620
P14920	1610
P14921	2113
P14923	3728
P15018	3976
P15036	2114
P15056	673
P15104	2752
P15121	231
P15144	290
P15153	5880
P15170	2935
P15172	4654
P15173	4656
P15248	3578
P15260	3459
P15289	410
P15291	2683
P15309	55
P15311	7430
P15313	525
P15328	2348
P15336	1386
P15382	3753
P15407	8061
P15428	3248
P15509	1438
P15514	374
P15529	4179
P15538	1584
P15559	1728
P15692	7422
P15813	912
P15848	411
P15863	5075
P15880	6187
P15907	6480
P15918	5896
P15924	1832
P15927	6118
P15941	4582
P15976	2623
P16035	7077
P16050	246
P16066	4881
P16070	960
P16083	4835
P16109	6403
P16118	5207
P16150	6693
P16152	873
P16219	35
P16220	1385
P16233	5406
P16234	5156
P16260	8034
P16278	2720
P16284	5175
P16298	5532
P16333	4690
P16389	3737
P16422	4072
P16435	5447
P16444	1800
P16455	4255
P16471	5618
P16519	5126
P16581	6401
P16591	2241
P16615	488
P16671	948
P16860	4879
P16870	1363
P16871	3575
P16885	5336
P17020	7564
P17050	4668
P17081	23433
P17096	3159
P17174	2805
P17181	3454
P17275	3726
P17301	3673
P17302	2697
P17342	4883
P17405	6609
P17480	7343
P17516	1109
P17542	6886
P17600	6853
P17612	5566
P17643	7306
P17676	1051
P17677	2596
P17693	3135
P17706	5771
P17707	262
P17735	6898
P17752	7166
P17787	1141
P17812	1503
P17813	2022
P17844	1655
P17861	7494
P17900	2760
P17927	1378
P17931	3958
P17936	3486
P17947	6688
P17948	2321
P17980	5702
P17987	6950
P18031	5770
P18054	239
P18065	3485
P18074	2068
P18075	655
P18085	378
P18146	1958
P18206	7414
P18405	6715
P18428	3929
P18509	116
P18510	3557
P18577	6006
P18627	3902
P18827	6382
P18846	466
P18847	467
P18848	468
P18858	3978
P19021	5066
P19022	1000
P19099	1585
P19113	3067
P19235	2057
P19320	7412
P19338	4691
P19367	3098
P19387	5432
P19404	4729
P19429	7137
P19440	2678
P19474	6737
P19525	5610
P19526	2523
P19544	7490
P19623	6723
P19634	6548
P19784	1459
P19793	6256
P19801	26
P19838	4790
P19957	5266
P19971	1890
P20020	490
P20023	1380
P20061	6947
P20132	10993
P20142	5225
P20160	566
P20248	890
P20264	5455
P20265	5454
P20292	241
P20336	5864
P20337	5865
P20338	5867
P20339	5868
P20340	5870
P20366	6863
P20382	5367
P20393	9572
P20396	7200
P20585	4437
P20594	4882
P20648	495
P20711	1644
P20719	3202
P20749	602
P20800	1907
P20807	825
P20809	3589
P20810	831
P20813	1555
P20823	6927
P20827	1942
P20849	1297
P20908	1289
P20916	4099
P20929	4703
P20933	175
P20936	5921
P21127	984
P21217	2525
P21246	5764
P21283	528
P21333	2316
P21359	4763
P21397	4128
P21399	48
P21439	5244
P21452	6865
P21453	1901
P21549	189
P21554	1268
P21579	6857
P21580	7128
P21583	4254
P21589	4907
P21673	6303
P21695	2819
P21709	2041
P21728	1812
P21730	728
P21731	6915
P21741	4192
P21754	7784
P21796	7416
P21802	2263
P21860	2065
P21917	1815
P21918	1816
P21941	4146
P21964	1312
P22004	654
P22033	4594
P22059	5007
P22087	2091
P22102	2618
P22105	7148
P22223	1001
P22234	10606
P22301	3586
P22303	43
P22304	3423
P22307	6342
P22309	54658
P22392	4831
P22392	654364
P22413	5167
P22415	7391
P22455	2264
P22460	3741
P22466	51083
P22570	2232
P22607	2261
P22626	3181
P22680	1581
P22732	6518
P22735	7051
P22830	2235
P22888	3973
P23025	7507
P23142	2192
P23193	6917
P23219	5742
P23246	6421
P23258	7283
P23276	3792
P23284	5479
P23297	6271
P23327	3270
P23368	4200
P23378	2731
P23396	6188
P23415	2741
P23443	6198
P23471	5803
P23497	6672
P23510	7292
P23526	191
P23560	627
P23582	4880
P23588	1975
P23634	493
P23677	3706
P23759	5081
P23763	6843
P23769	2624
P23771	2625
P23786	1376
P23919	1841
P23921	6240
P23946	1215
P23975	6530
P24298	2875
P24385	595
P24387	1393
P24390	10945
P24394	3566
P24468	7026
P24522	1647
P24530	1910
P24557	6916
P24588	9495
P24593	3488
P24723	5583
P24752	38
P24821	3371
P24855	1773
P24864	898
P24903	1572
P24941	1017
P25021	3274
P25024	3577
P25054	324
P25063	100133941
P25098	156
P25101	1909
P25103	6869
P25105	5724
P25116	2149
P25325	4357
P25391	284217
P25445	355
P25685	3337
P25686	3300
P25713	4504
P25774	1520
P25874	7350
P25929	4886
P25963	4792
P26006	3675
P26012	3696
P26022	5806
P26045	5774
P26358	1786
P26367	5080
P26368	11338
P26441	1270
P26572	4245
P26583	3148
P26599	5725
P26678	5350
P26715	3821
P26717	3822
P26718	100528032
P26718	22914
P26927	4485
P26951	3563
P26992	1271
P27037	92
P27105	2040
P27144	205
P27169	5444
P27216	312
P27338	4129
P27361	5595
P27487	1803
P27540	405
P27544	10715
P27658	1295
P27695	328
P27708	790
P27797	811
P27815	5141
P27816	4134
P27986	5295
P27987	3707
P28062	5696
P28065	5698
P28068	3109
P28069	5449
P28161	2946
P28222	3351
P28223	3356
P28288	5825
P28289	7111
P28300	4015
P28329	1103
P28330	33
P28335	3358
P28336	4829
P28340	5424
P28356	3235
P28358	3236
P28360	4487
P28370	6594
P28472	2562
P28482	5594
P28562	1843
P28566	3354
P28702	6257
P28845	3290
P28906	947
P28907	952
P28908	943
P29033	2706
P29084	2961
P29122	5046
P29218	3612
P29275	136
P29279	1490
P29317	1969
P29320	2042
P29323	2048
P29350	5777
P29372	4350
P29373	1382
P29375	5927
P29401	7086
P29459	3592
P29460	3593
P29466	834
P29474	4846
P29475	4842
P29508	6317
P29590	5371
P29728	4939
P29965	959
P29966	4082
P29972	358
P29992	2767
P30038	8659
P30039	64081
P30040	10961
P30043	645
P30044	25824
P30046	1652
P30047	2644
P30048	10935
P30049	513
P30084	1892
P30085	51727
P30153	5518
P30203	923
P30273	2207
P30301	4284
P30305	994
P30307	995
P30405	10105
P30411	624
P30419	4836
P30520	159
P30530	558
P30531	6529
P30542	134
P30556	185
P30622	6249
P30793	2643
P30825	6541
P30838	218
P30872	6751
P30968	2798
P30988	799
P30989	4923
P31146	11151
P31151	6278
P31153	4144
P31213	6716
P31268	3204
P31270	3207
P31327	1373
P31415	844
P31483	7072
P31513	2328
P31639	6524
P31645	6532
P31749	207
P31785	3561
P31937	11112
P31941	100913187
P31941	200315
P31944	23581
P31946	7529
P31947	2810
P32121	409
P32189	2710
P32238	886
P32239	887
P32242	5013
P32243	5015
P32245	4160
P32246	1230
P32248	1236
P32249	1880
P32320	978
P32418	6546
P32856	2054
P32927	1439
P32929	1491
P33076	4261
P33121	2180
P33176	3799
P33240	1478
P33316	1854
P33527	4363
P33897	215
P34059	2588
P34130	4909
P34896	6470
P34913	2053
P34925	6259
P34949	4351
P34981	7201
P34998	104909134
P34998	1394
P35052	2817
P35221	1495
P35222	1499
P35225	3596
P35228	4843
P35232	5245
P35240	4771
P35241	5962
P35270	6697
P35318	133
P35348	148
P35354	5743
P35372	4988
P35398	6095
P35408	5734
P35453	3239
P35462	1814
P35475	3425
P35520	102724560
P35520	875
P35548	4488
P35555	2200
P35557	2645
P35558	5105
P35573	178
P35575	2538
P35579	4627
P35580	4628
P35609	88
P35610	6646
P35638	1649
P35663	1538
P35670	540
P35680	6928
P35711	6660
P35713	54345
P35716	6664
P35754	2745
P35789	81931
P35790	1119
P35869	196
P35908	3849
P36382	2702
P36639	4521
P36776	9361
P36888	2322
P36894	657
P36896	91
P36897	7046
P36954	5438
P36955	5176
P36956	6720
P36957	1743
P36969	2879
P37023	94
P37058	3293
P37059	3294
P37088	6337
P37108	6727
P37173	7048
P37198	23636
P37231	5468
P37268	2222
P37275	6935
P37287	5277
P37288	552
P37840	6622
P38159	27316
P38398	672
P38919	9775
P38935	3508
P38936	1026
P39019	6223
P39059	1306
P39086	2897
P39877	5322
P39880	1523
P39905	2668
P40189	3572
P40222	200081
P40225	7066
P40227	908
P40238	4352
P40261	4837
P40337	7428
P40394	131
P40426	5090
P40429	23521
P40692	4292
P40763	6774
P40855	5824
P40925	4190
P40926	4191
P40933	3600
P40939	3030
P41134	3397
P41143	4985
P41145	4986
P41146	4987
P41159	3952
P41161	2119
P41162	2117
P41182	604
P41208	1069
P41220	5997
P41221	7474
P41223	8896
P41225	6658
P41226	7318
P41227	8260
P41231	5029
P41235	3172
P41238	339
P41247	8228
P41250	2617
P41271	100532736
P41271	4681
P41440	6573
P41594	2915
P41595	3357
P41597	729230
P41743	5584
P41970	2004
P42081	942
P42126	1632
P42127	434
P42224	6772
P42226	6778
P42261	2890
P42330	8644
P42336	5290
P42345	2475
P42357	3034
P42566	2060
P42574	836
P42575	835
P42701	3594
P42704	10128
P42768	7454
P42771	1029
P42858	3064
P42892	1889
P42898	4524
P43003	6507
P43004	6506
P43005	6505
P43007	6509
P43034	5048
P43080	118142757
P43080	2978
P43115	5733
P43155	1384
P43246	4436
P43251	686
P43351	5893
P43354	4929
P43356	266740
P43356	4101
P43403	7535
P43405	6850
P43490	10135
P43626	3802
P43629	3811
P43694	2626
P43699	7080
P45378	7140
P45379	7139
P45381	443
P45452	4322
P45844	9619
P45880	7417
P45983	5599
P45984	5601
P46013	4288
P46059	6564
P46060	5905
P46093	2828
P46100	546
P46108	1398
P46199	4528
P46379	7917
P46527	1027
P46531	4851
P46597	438
P46736	79184
P46781	6203
P46821	4131
P46926	10007
P46934	4734
P46937	10413
P46940	8826
P46952	23498
P46977	3703
P47736	5909
P47870	2561
P47872	6344
P47895	220
P47900	5028
P47928	3400
P47989	7498
P47992	6375
P48023	356
P48029	6535
P48039	4543
P48050	3761
P48052	1358
P48061	6387
P48067	6536
P48163	4199
P48167	2743
P48169	2557
P48357	3953
P48380	5991
P48426	5305
P48431	6657
P48436	6662
P48444	372
P48449	4047
P48506	2729
P48507	2730
P48539	5121
P48547	3746
P48552	8204
P48553	7109
P48637	2937
P48645	10874
P48681	10763
P48729	1452
P48742	3975
P48745	4856
P48775	6999
P49069	819
P49116	7182
P49137	9261
P49189	223
P49238	1524
P49247	22934
P49257	3998
P49279	6556
P49281	4891
P49286	4544
P49327	2194
P49354	2339
P49356	100529261
P49356	2342
P49366	1725
P49368	7203
P49407	408
P49419	501
P49441	3628
P49450	1058
P49454	1063
P49458	6726
P49585	5130
P49591	6301
P49638	7274
P49639	3198
P49641	4122
P49662	837
P49675	6770
P49682	2833
P49711	10664
P49715	1050
P49748	37
P49754	27072
P49755	10972
P49757	8650
P49765	7423
P49767	7424
P49768	5663
P49770	8892
P49771	2323
P49773	3094
P49789	2272
P49840	2931
P49841	2932
P49862	5650
P49888	6783
P49902	22978
P49908	6414
P49913	820
P49914	10588
P49915	8833
P49916	3980
P49917	3981
P49918	1028
P49959	4361
P50052	186
P50053	3795
P50135	3176
P50226	6799
P50281	4323
P50336	5498
P50416	1374
P50440	2628
P50453	5272
P50454	871
P50461	8048
P50542	5830
P50549	2115
P50553	429
P50570	1785
P50579	10988
P50583	318
P50616	10140
P50747	3141
P50749	9770
P50750	1025
P50897	5538
P50993	477
P51114	8087
P51148	5878
P51149	7879
P51151	9367
P51153	5872
P51159	5873
P51178	5333
P51452	1845
P51530	1763
P51532	6597
P51570	2584
P51572	10134
P51575	5023
P51580	7172
P51582	5030
P51587	675
P51589	1573
P51606	5973
P51608	4204
P51610	3054
P51617	3654
P51648	224
P51649	7915
P51654	2719
P51659	3295
P51671	6356
P51687	6821
P51688	6448
P51692	6777
P51693	333
P51787	3784
P51790	1182
P51809	6845
P51810	4935
P51812	6197
P51813	660
P51817	5613
P51843	190
P51857	6718
P51955	4751
P51957	6787
P52179	8736
P52209	5226
P52272	4670
P52298	22916
P52333	3718
P52569	6542
P52758	10247
P52789	3099
P52803	1946
P52823	6781
P52848	3340
P52926	8091
P52945	3651
P52948	4928
P52951	2637
P52952	1482
P52954	10660
P53007	6576
P53041	5536
P53350	5347
P53396	47
P53567	1054
P53597	8802
P53602	4597
P53701	3052
P53708	8516
P53805	1827
P53816	11145
P53985	6566
P53990	9798
P54132	641
P54252	4287
P54253	6310
P54257	9001
P54274	7013
P54278	5395
P54284	784
P54289	781
P54317	5408
P54578	9097
P54646	5563
P54652	3306
P54750	5136
P54764	2043
P54802	4669
P54819	204
P54821	5396
P54826	2619
P54829	84867
P54840	2998
P54845	4901
P54849	2012
P54851	2013
P54868	3158
P54886	5832
P54920	8775
P54922	141
P55008	199
P55011	6558
P55017	6559
P55055	7376
P55058	5360
P55061	7009
P55072	7415
P55073	1735
P55075	2253
P55083	4239
P55085	2150
P55157	4547
P55160	3071
P55199	8178
P55263	132
P55265	103
P55268	3913
P55290	1012
P55317	3169
P55345	3275
P55735	6396
P55769	4809
P55773	6368
P55809	5019
P55895	5897
P55899	2217
P55957	637
P56177	1745
P56282	5427
P56524	9759
P56537	3692
P56539	859
P56545	1488
P56589	8504
P56693	6663
P56703	7473
P56704	89780
P56705	54361
P56706	7477
P56817	23621
P56915	145258
P56975	10718
P57059	102724428
P57059	150094
P57073	30812
P57088	55161
P57103	6547
P57105	55333
P57729	23682
P57735	57111
P57771	85397
P57772	60678
P57796	57010
P58012	668
P58335	118429
P58397	81792
P58400	9378
P58418	7401
P58546	136319
P58549	53822
P58743	375611
P58753	114609
P59025	132112
P59044	171389
P59046	91662
P59047	126206
P59533	5726
P59537	259289
P59665	1667
P59665	728358
P60033	975
P60153	390443
P60174	7167
P60201	5354
P60321	339345
P60484	5728
P60568	3558
P60604	7327
P60709	60
P60763	5881
P60891	5631
P60900	5687
P60953	998
P61006	4218
P61011	6729
P61026	10890
P61073	7852
P61081	9040
P61088	7334
P61106	51552
P61158	10096
P61224	5908
P61225	5912
P61266	112755
P61289	10197
P61296	9464
P61371	3670
P61586	387
P61599	51126
P61619	29927
P61769	567
P61812	7042
P61916	10577
P61968	8543
P61970	10204
P61978	3190
P62072	26519
P62140	5500
P62158	801
P62158	805
P62158	808
P62195	5705
P62258	7531
P62308	6637
P62310	27258
P62318	6634
P62330	382
P62487	5436
P62491	8766
P62495	2107
P62736	59
P62753	6194
P62805	121504
P62805	554313
P62805	8294
P62805	8359
P62805	8360
P62805	8361
P62805	8362
P62805	8363
P62805	8364
P62805	8365
P62805	8366
P62805	8367
P62805	8368
P62805	8370
P62820	5861
P62826	5901
P62834	5906
P62877	9978
P62937	5478
P62942	2280
P62993	2885
P63000	5879
P63010	163
P63027	6844
P63098	5534
P63146	7320
P63165	7341
P63167	8655
P63172	6993
P63173	6169
P63218	2787
P63244	10399
P63252	3759
P63279	7329
P68032	70
P68104	1915
P68106	2281
P68400	1457
P68402	5049
P68871	3043
P78310	1525
P78316	8602
P78317	6047
P78318	3476
P78325	101
P78329	8529
P78337	5307
P78347	2969
P78348	41
P78352	1742
P78362	6733
P78363	24
P78371	10576
P78381	7355
P78382	10559
P78414	79192
P78417	9446
P78423	6376
P78426	4825
P78504	182
P78508	3766
P78509	5649
P78527	5591
P78536	6868
P78537	2647
P78539	8406
P78540	384
P78549	4913
P78552	3597
P78556	6364
P78562	5251
P80108	2822
P80188	3934
P80192	4293
P80404	18
P81172	57817
P81274	29899
P81277	51052
P81534	414325
P81534	55894
P82094	7110
P82909	92259
P83369	134353
P83859	347148
P84022	4088
P84074	3208
P84077	375
P84103	6428
P98082	1601
P98088	4586
P98155	7436
P98161	5310
P98164	4036
P98170	331
P98177	4303
P98194	27032
Q00013	4354
Q00059	7019
Q00266	4143
Q00325	5250
Q00534	1021
Q00535	1020
Q00613	3297
Q00796	6652
Q00973	2583
Q00987	4193
Q00G26	440503
Q01064	5153
Q01082	6711
Q01094	1869
Q01101	3642
Q01113	3581
Q01415	2585
Q01432	272
Q01433	271
Q01484	287
Q01581	3157
Q01638	9173
Q01718	4158
Q01780	5394
Q01814	491
Q01826	6304
Q01831	7508
Q01851	5457
Q01860	5460
Q01955	1285
Q01968	4952
Q02078	4205
Q02108	2982
Q02127	1723
Q02153	2983
Q02156	5581
Q02218	4967
Q02224	1062
Q02241	9493
Q02246	6900
Q02252	4329
Q02297	3084
Q02338	622
Q02363	3398
Q02388	1294
Q02487	1824
Q02535	3399
Q02643	2692
Q02742	2650
Q02747	2980
Q02750	5604
Q02763	7010
Q02790	2288
Q02809	5351
Q02818	4924
Q02962	5076
Q02978	8402
Q03014	3087
Q03113	2768
Q03135	857
Q03164	4297
Q03167	7049
Q03181	5467
Q03518	6890
Q03519	6891
Q04206	5970
Q04323	51035
Q04609	2346
Q04656	538
Q04671	4948
Q04721	4853
Q04760	2739
Q04771	90
Q04828	1645
Q04917	7533
Q05086	7337
Q05193	1759
Q05329	2572
Q05469	3991
Q05586	2902
Q05639	1917
Q05655	5580
Q05707	7373
Q05932	2356
Q05940	6571
Q05996	7783
Q06124	5781
Q06136	2531
Q06187	695
Q06190	5523
Q06203	5471
Q06210	2673
Q06265	5393
Q06330	3516
Q06413	4208
Q06495	6569
Q06520	6822
Q06609	5888
Q06710	7849
Q06787	2332
Q06889	1960
Q06945	6659
Q07011	3604
Q07021	708
Q07092	1307
Q07157	7082
Q07326	5281
Q07343	5142
Q07617	6674
Q07666	10657
Q07699	6324
Q07812	581
Q07817	598
Q07837	6519
Q07869	5465
Q07889	6654
Q07954	4035
Q07973	1591
Q08209	5530
Q08289	783
Q08334	3588
Q08357	6575
Q08379	2801
Q08397	4016
Q08495	2039
Q08499	5144
Q08623	8226
Q08881	3702
Q08AE8	56907
Q08AG7	440145
Q08AH1	116285
Q08J23	54888
Q09013	1760
Q09028	5928
Q09161	4686
Q09470	3736
Q09472	2033
Q09666	79026
Q0VDF9	51182
Q10469	4247
Q10471	2590
Q10589	684
Q11201	6482
Q11203	6487
Q11206	6484
Q12772	6721
Q12788	10607
Q12789	2975
Q12792	5756
Q12797	444
Q12802	11214
Q12805	2202
Q12809	3757
Q12824	6598
Q12836	57829
Q12846	6810
Q12864	1015
Q12866	10461
Q12879	2903
Q12882	1806
Q12884	2191
Q12887	1352
Q12889	5016
Q12891	8692
Q12931	10131
Q12933	7186
Q12946	2294
Q12948	2296
Q12952	2300
Q12955	288
Q12959	1739
Q12972	5511
Q12981	662
Q12983	664
Q13003	2899
Q13009	7074
Q13018	22925
Q13023	9472
Q13043	6789
Q13049	22954
Q13057	80347
Q13061	10345
Q13085	31
Q13087	64714
Q13093	7941
Q13107	7375
Q13127	5978
Q13131	5562
Q13148	23435
Q13156	29935
Q13158	8772
Q13162	10549
Q13164	5598
Q13177	5062
Q13183	9058
Q13200	5708
Q13207	6909
Q13217	5611
Q13231	1118
Q13241	3824
Q13253	9241
Q13255	2911
Q13257	4085
Q13258	5729
Q13263	10155
Q13285	2516
Q13286	1201
Q13287	9111
Q13291	6504
Q13303	8514
Q13308	5754
Q13310	8761
Q13315	472
Q13319	8941
Q13323	638
Q13324	1395
Q13330	9112
Q13363	1487
Q13370	5140
Q13371	5082
Q13387	23542
Q13395	6894
Q13402	4647
Q13404	387522
Q13404	7335
Q13423	23530
Q13426	7518
Q13432	9094
Q13433	25800
Q13438	10956
Q13443	8754
Q13459	4650
Q13461	2301
Q13464	6093
Q13467	7855
Q13477	8174
Q13478	8809
Q13485	4089
Q13487	6618
Q13489	330
Q13490	329
Q13492	8301
Q13496	4534
Q13501	8878
Q13510	427
Q13520	363
Q13546	8737
Q13554	816
Q13557	817
Q13562	4760
Q13563	5311
Q13569	6996
Q13572	3705
Q13573	22938
Q13574	8525
Q13591	9037
Q13614	8898
Q13615	8897
Q13618	8452
Q13621	6557
Q13627	1859
Q13630	7264
Q13635	5727
Q13642	2273
Q13651	3587
Q13702	5913
Q13705	93
Q13724	7841
Q13765	4666
Q13769	8563
Q13794	5366
Q13796	357
Q13822	5168
Q13825	549
Q13868	23404
Q13873	659
Q13886	687
Q13889	2967
Q13907	3422
Q13950	860
Q14004	8621
Q14028	1258
Q14032	570
Q14103	3184
Q14114	7804
Q14116	3606
Q14117	1807
Q14118	1605
Q14126	1829
Q14137	23246
Q14145	9817
Q14159	23514
Q14191	7486
Q14194	1400
Q14197	3396
Q14204	1778
Q14213	10148
Q14240	1974
Q14247	2017
Q14249	2021
Q14254	2319
Q14258	7706
Q14289	2185
Q14296	10922
Q14331	2483
Q14332	2535
Q14353	2593
Q14376	2582
Q14393	2621
Q14416	2912
Q14457	8678
Q14469	3280
Q14493	7884
Q14507	10876
Q14508	10406
Q14524	6331
Q14563	10371
Q14573	3710
Q14587	10795
Q14623	3549
Q14653	3661
Q14671	9698
Q14674	9700
Q14676	9656
Q14678	23189
Q14679	9654
Q14683	8243
Q14691	9837
Q14697	23193
Q14699	23180
Q14721	3745
Q14728	10227
Q14749	27232
Q14764	9961
Q14766	4052
Q14781	84733
Q14790	841
Q147X3	122830
Q14831	2917
Q14894	1428
Q14896	4607
Q14914	22949
Q14953	3810
Q14974	3837
Q14980	4926
Q15007	9589
Q15019	4735
Q15020	9733
Q15021	9918
Q15025	10318
Q15041	23204
Q15042	22930
Q15046	3735
Q15049	23209
Q15058	9928
Q15063	10631
Q15070	5018
Q15075	8411
Q15077	5031
Q15109	177
Q15116	5133
Q15118	5163
Q15119	5164
Q15124	5239
Q15126	10654
Q15139	5587
Q15154	5108
Q15166	5446
Q15172	5525
Q15173	5526
Q15181	5464
Q15257	5524
Q15274	23475
Q15303	2066
Q15306	3662
Q15326	10771
Q15365	5093
Q15388	9804
Q15389	284
Q15392	1718
Q15397	9933
Q15431	6847
Q15465	6469
Q15475	6495
Q15477	6499
Q15485	2220
Q15493	9104
Q15545	6879
Q15554	7014
Q15596	10499
Q15633	6895
Q15648	5469
Q15672	7291
Q15691	22919
Q15722	1241
Q15726	3814
Q15738	50814
Q15746	4638
Q15762	10666
Q15788	8648
Q15796	4087
Q15797	4086
Q15800	6307
Q15819	7336
Q15831	6794
Q15833	6813
Q15836	9341
Q15847	10974
Q15848	9370
Q15904	537
Q15907	9230
Q16134	2110
Q16206	10495
Q16222	6675
Q16236	4780
Q16288	4916
Q16394	2131
Q16512	5585
Q16515	40
Q16518	6121
Q16526	1407
Q16533	6617
Q16543	11140
Q16552	3605
Q16566	814
Q16568	9607
Q16572	6572
Q16581	719
Q16594	6880
Q16595	2395
Q16602	10203
Q16610	1893
Q16613	15
Q16620	4915
Q16623	6804
Q16635	6901
Q16647	5740
Q16650	10716
Q16665	3091
Q16671	269
Q16676	2297
Q16678	1545
Q16698	1666
Q16719	8942
Q16739	7357
Q16762	7263
Q16769	25797
Q16773	883
Q16774	2987
Q16795	4704
Q16798	10873
Q16819	4224
Q16827	5800
Q16831	7378
Q16842	6483
Q16849	5798
Q16851	7360
Q16854	1716
Q16864	9296
Q16873	4056
Q16878	1036
Q16880	7368
Q16881	7296
Q17RS7	348654
Q17RY0	80315
Q19AV6	125150
Q1EHB4	159963
Q1HG43	90527
Q1W4C9	153218
Q1ZZU3	375757
Q29980	4277
Q29983	100507436
Q2KJY2	55083
Q2M1V0	91464
Q2M3G0	340273
Q2MV58	79600
Q2NKJ3	80169
Q2PZI1	23333
Q2QD12	729020
Q2TAA5	440138
Q2TAC6	124602
Q2TB90	80201
Q30201	3077
Q32MK0	91807
Q32NB8	9489
Q32P28	64175
Q32P41	57570
Q3KNW5	345274
Q3KP22	283129
Q3LIE5	56985
Q3LXA3	26007
Q3MII6	4943
Q3MIR4	161291
Q3SXY8	200894
Q3SY77	167127
Q3T906	79158
Q3ZCV2	163747
Q495M3	153201
Q49AM1	80298
Q49AN0	1408
Q4AC94	26005
Q4ADV7	57589
Q4G0M1	151176
Q4G0P3	54768
Q4G0X9	55036
Q4G176	197322
Q4KMG0	50937
Q4KMQ2	196527
Q4KWH8	23007
Q4U2R8	9356
Q4V9L6	338773
Q4VCS5	154796
Q53EL6	27250
Q53ET0	200186
Q53EU6	84803
Q53GD3	80736
Q53GL7	84875
Q53H12	55750
Q53H47	6419
Q53HV7	23583
Q53T94	9014
Q53TN4	79901
Q562F6	151246
Q567V2	84769
Q587J7	91646
Q58F21	676
Q58HT5	158833
Q59H18	100526835
Q59H18	51086
Q5D1E8	80149
Q5EB52	4232
Q5EBL4	353116
Q5EBM0	129607
Q5FBB7	151648
Q5GAN6	338879
Q5H8A4	54872
Q5HYJ3	143684
Q5HYK3	84274
Q5JPH6	124454
Q5JTC6	139285
Q5JTJ3	388753
Q5JTZ9	57505
Q5JWF2	2778
Q5KU26	81035
Q5MY95	377841
Q5NUL3	338557
Q5PSV4	84312
Q5QJU3	340485
Q5RKV6	118460
Q5S007	120892
Q5SNT2	199953
Q5SQI0	79969
Q5SRI9	79694
Q5SSJ5	50809
Q5SW24	168002
Q5SW96	26119
Q5SY16	79707
Q5T011	23334
Q5T0T0	220972
Q5T0W9	222584
Q5T1C6	117145
Q5T1S8	400746
Q5T2D3	23252
Q5T2R2	23590
Q5T2W1	5174
Q5T4F7	6425
Q5T5U3	57584
Q5T6J7	414328
Q5T8D3	91452
Q5T9L3	79971
Q5TA50	80772
Q5TA89	388585
Q5TAT6	1305
Q5TAX3	23318
Q5TB80	22832
Q5TBA9	10129
Q5TBB1	79621
Q5TC82	149041
Q5TCS8	221264
Q5TCZ1	9644
Q5TD94	345895
Q5THJ4	55187
Q5TZA2	9696
Q5VIR6	55275
Q5VT66	64757
Q5VU57	84871
Q5VV42	54901
Q5VVJ2	114803
Q5VVQ6	55432
Q5VVY1	149281
Q5VWP3	90523
Q5VWQ8	153090
Q5VZM2	10325
Q5W0Q7	10208
Q5XG87	11044
Q5XKP0	125988
Q63HM1	125061
Q63HN8	57674
Q63HQ0	55435
Q63HR2	23371
Q641Q3	284207
Q643R3	254531
Q658P3	55240
Q66K74	55201
Q66K89	1877
Q676U5	55054
Q68CP4	138050
Q68CZ1	23322
Q68DV7	54894
Q68E01	65123
Q68G74	431707
Q6DKJ4	64359
Q6F5E8	146206
Q6FHJ7	6424
Q6HA08	431705
Q6I9Y2	80145
Q6IAA8	55004
Q6IB77	10249
Q6ICG8	164684
Q6IN84	79922
Q6IQ19	126731
Q6IQ23	144100
Q6ISB3	79977
Q6J4K2	80024
Q6KC79	25836
Q6KF10	392255
Q6L9W6	283358
Q6MZQ0	79899
Q6MZW2	23105
Q6N021	54790
Q6N022	26011
Q6NS38	121642
Q6NSJ5	80131
Q6NUI6	150356
Q6NUM9	54884
Q6NUP7	57718
Q6NUQ1	60561
Q6NUS8	133688
Q6NVU6	402682
Q6NVY1	26275
Q6NXT1	129138
Q6NYC1	23210
Q6P087	285367
Q6P1A2	10162
Q6P1M0	10999
Q6P1Q9	55798
Q6P1X5	6873
Q6P587	81889
Q6P5W5	55630
Q6P988	147111
Q6PCB7	376497
Q6PCE3	283209
Q6PD62	9646
Q6PI25	254263
Q6PI26	55164
Q6PI48	55157
Q6PIF6	4648
Q6PIY7	167153
Q6PIZ9	50852
Q6PXP3	155184
Q6Q759	200162
Q6Q788	116519
Q6QHF9	196743
Q6QNY0	388552
Q6TGC4	353238
Q6U841	57282
Q6UW63	79070
Q6UW78	790955
Q6UWB1	9466
Q6UWE0	90678
Q6UWF3	388325
Q6UWH6	113419
Q6UWM5	256710
Q6UWX4	79802
Q6UX06	10562
Q6UX39	401138
Q6UXB4	339390
Q6UXG2	57535
Q6UXG3	146894
Q6UXH0	55908
Q6UXL0	53833
Q6UXM1	121227
Q6UXZ4	137970
Q6VMQ6	55729
Q6VVX0	120227
Q6W0C5	359787
Q6W2J9	54880
Q6WRX3	440590
Q6X4U4	25928
Q6YBV0	120103
Q6YP21	56267
Q6ZMB0	192134
Q6ZMC9	284266
Q6ZMD2	201305
Q6ZMJ2	286133
Q6ZMT4	80853
Q6ZNB7	392636
Q6ZNE5	22863
Q6ZP29	54896
Q6ZP65	92558
Q6ZQY3	339896
Q6ZRF8	388591
Q6ZRQ5	253714
Q6ZSY5	89801
Q6ZT12	130507
Q6ZTI6	100533183
Q6ZTI6	144347
Q6ZTW0	91978
Q6ZUJ8	118788
Q6ZVD7	219736
Q6ZVK8	79873
Q6ZVN8	148738
Q6ZVW7	400935
Q6ZW49	22976
Q6ZWH5	152110
Q6ZWJ1	252983
Q709C8	54832
Q70CQ1	25862
Q70EL4	124739
Q70HW3	115286
Q70JA7	337876
Q71SY5	81857
Q76EJ3	11046
Q7KZN9	1355
Q7L0X0	9865
Q7L0Y3	54931
Q7L1S5	83539
Q7L266	80150
Q7L2E3	22907
Q7L2H7	10480
Q7L2J0	56257
Q7L4E1	84895
Q7L523	10670
Q7L5A8	79152
Q7L5Y1	55556
Q7L8L6	60493
Q7L8W6	89978
Q7LFX5	51363
Q7LG56	50484
Q7LGA3	9653
Q7LGC8	9469
Q7RTU3	167826
Q7RTU7	642658
Q7RTX0	83756
Q7Z2E3	54840
Q7Z2T5	81627
Q7Z2W4	56829
Q7Z2X4	55022
Q7Z2Y5	203447
Q7Z333	23064
Q7Z3Z4	143689
Q7Z434	57506
Q7Z443	342372
Q7Z460	23332
Q7Z494	27031
Q7Z4I7	55679
Q7Z4P5	151449
Q7Z4W1	51181
Q7Z5G4	51125
Q7Z5H4	317705
Q7Z5Q1	132864
Q7Z5W3	144233
Q7Z624	79823
Q7Z698	200734
Q7Z6K4	441478
Q7Z6R9	83741
Q7Z6V5	134637
Q7Z7A4	54899
Q7Z7C7	346673
Q7Z7J9	55450
Q7Z7M0	1954
Q86SE8	10361
Q86SG6	284086
Q86SP6	344758
Q86SQ9	79947
Q86SU0	286676
Q86TH1	9719
Q86TL0	84971
Q86TN4	83707
Q86TU7	84193
Q86U28	122961
Q86U44	56339
Q86U70	8861
Q86U90	79693
Q86UD5	133308
Q86UE8	11011
Q86UK0	26154
Q86UL3	137964
Q86UP6	50624
Q86US8	23293
Q86UT5	79849
Q86V21	65985
Q86V24	79602
Q86V48	7798
Q86VD7	284439
Q86VD9	80235
Q86VE9	256987
Q86VI3	128239
Q86VL8	146802
Q86VN1	51028
Q86VS8	84376
Q86VZ5	259230
Q86W33	131601
Q86W50	79066
Q86W56	670
Q86W56	8505
Q86WA6	670
Q86WG3	85300
Q86WU2	197257
Q86WV6	340061
Q86X24	84072
Q86X29	51599
Q86X55	10498
Q86X76	4817
Q86XE5	112817
Q86XF0	200895
Q86XR7	100302736
Q86XR7	353376
Q86XX4	80144
Q86Y07	7444
Q86YC3	375387
Q86YJ6	55258
Q86YM7	9456
Q86YN1	57171
Q86YS3	84440
Q86YT5	284111
Q86YT9	120425
Q86YV0	64926
Q86YV9	79803
Q86YZ3	388697
Q8HWS3	222546
Q8IU54	282618
Q8IU57	163702
Q8IU60	167227
Q8IU85	57118
Q8IUR6	153222
Q8IV01	91683
Q8IV16	338328
Q8IV36	283987
Q8IV76	139135
Q8IV77	1262
Q8IVH4	166785
Q8IVL1	89797
Q8IVM8	114571
Q8IVS8	132158
Q8IVW8	124976
Q8IW45	55739
Q8IWB6	56155
Q8IWE5	23207
Q8IWJ2	9648
Q8IWQ3	9024
Q8IWU2	22853
Q8IWU5	55959
Q8IWV7	197131
Q8IWW8	137872
Q8IWX5	130367
Q8IWZ6	55212
Q8IX03	23286
Q8IX07	161882
Q8IX21	55719
Q8IXH6	58476
Q8IXJ6	22933
Q8IXJ9	171023
Q8IXL6	56975
Q8IXN7	284716
Q8IXQ6	83666
Q8IXQ9	254013
Q8IXT2	63946
Q8IXW5	79871
Q8IY18	23137
Q8IY31	90410
Q8IY81	117246
Q8IY92	84464
Q8IYB7	129563
Q8IYB8	6832
Q8IYI6	149371
Q8IYL2	152992
Q8IYT2	55783
Q8IYU8	221154
Q8IYW2	54777
Q8IYW5	165918
Q8IZC6	85301
Q8IZD4	196513
Q8IZQ8	93649
Q8IZT6	259266
Q8IZU8	92126
Q8IZU9	84623
Q8IZY2	10347
Q8N0W3	197258
Q8N0X2	79582
Q8N0X4	171425
Q8N0X7	23111
Q8N108	57708
Q8N111	51286
Q8N131	114908
Q8N137	116840
Q8N157	54806
Q8N159	162417
Q8N163	57805
Q8N187	79800
Q8N1B4	6293
Q8N1G2	23070
Q8N1G4	57470
Q8N1I0	9732
Q8N1K5	387357
Q8N1N2	284254
Q8N205	163183
Q8N271	150696
Q8N2A8	201164
Q8N2K0	26090
Q8N2Q7	22871
Q8N335	23171
Q8N3F8	85377
Q8N3R9	64398
Q8N427	51314
Q8N441	53834
Q8N474	6422
Q8N4J0	138199
Q8N4L4	374768
Q8N4P3	374659
Q8N4Q1	131474
Q8N543	55239
Q8N5D0	23038
Q8N5D6	26301
Q8N5M9	84522
Q8N5Z0	51166
Q8N635	254528
Q8N661	255043
Q8N695	160728
Q8N6G5	55454
Q8N6L0	147872
Q8N6P7	58985
Q8N6S4	81573
Q8N6T7	51548
Q8N726	1029
Q8N841	284076
Q8N884	115004
Q8N8Q3	284131
Q8N8Q8	285521
Q8N8V4	257629
Q8N907	199699
Q8N9B5	133746
Q8N9F0	339983
Q8N9L9	122970
Q8N9M5	284114
Q8NA29	84879
Q8NAT2	163589
Q8NAX2	126695
Q8NB37	347862
Q8NB78	221656
Q8NBI3	374946
Q8NBL1	56983
Q8NBN7	112724
Q8NBP7	255738
Q8NBQ5	51170
Q8NBS3	83959
Q8NBZ7	80146
Q8NCC3	23659
Q8NCH0	113189
Q8NCN5	55066
Q8NDL9	60509
Q8NDV1	256435
Q8NDV7	27327
Q8NDX2	246213
Q8NE22	133383
Q8NE35	22849
Q8NE62	55349
Q8NE79	11149
Q8NE86	90550
Q8NER5	130399
Q8NET8	162514
Q8NEV4	53904
Q8NEV9	246778
Q8NF37	79888
Q8NF50	81704
Q8NFF5	80308
Q8NFG4	201163
Q8NFQ8	163590
Q8NFU5	253430
Q8NFW8	55907
Q8NFZ5	79155
Q8NG08	92797
Q8NG66	79858
Q8NG68	150465
Q8NHG7	258010
Q8NHL6	10859
Q8NHM5	84678
Q8NHX9	219931
Q8NHY0	124872
Q8NI77	81930
Q8TAF3	57599
Q8TAM2	123016
Q8TAM6	57471
Q8TAT6	55666
Q8TAU0	159296
Q8TAV3	54905
Q8TAX0	130497
Q8TB61	347734
Q8TBC4	9039
Q8TBE9	140838
Q8TBG4	64850
Q8TC57	130951
Q8TC59	55124
Q8TC71	132671
Q8TCD5	30833
Q8TCD6	493911
Q8TCS8	87178
Q8TCT1	162466
Q8TCT9	81502
Q8TCY5	56246
Q8TD16	23299
Q8TD30	84706
Q8TD43	54795
Q8TDB4	84709
Q8TDH9	63915
Q8TDI0	26038
Q8TDI7	117532
Q8TDM6	9231
Q8TDN7	125981
Q8TDQ0	84868
Q8TDS4	338442
Q8TDS5	165140
Q8TDU6	151306
Q8TDX5	130013
Q8TDX6	55790
Q8TEB9	84236
Q8TEK3	84444
Q8TF17	79628
Q8TF76	83903
Q8WTR2	142679
Q8WTR4	81544
Q8WU20	10818
Q8WU39	51237
Q8WUD6	56994
Q8WUJ0	6815
Q8WUK0	114971
Q8WUM4	10015
Q8WUM9	6574
Q8WV24	22822
Q8WVB3	284004
Q8WVC0	123169
Q8WVV5	10385
Q8WVX9	84188
Q8WWM7	11273
Q8WWM9	114757
Q8WWQ2	60495
Q8WWR8	129807
Q8WWT9	64849
Q8WWY3	26121
Q8WWZ8	170392
Q8WXC3	260434
Q8WXD0	122042
Q8WXG1	91543
Q8WXH0	23224
Q8WXW3	10464
Q8WXX0	56171
Q8WXX7	26053
Q8WY64	29116
Q8WYA6	56259
Q8WYL5	54434
Q8WYQ5	54487
Q8WZ04	220074
Q8WZ73	117584
Q92481	7021
Q92499	1653
Q92503	6397
Q92519	28951
Q92521	9488
Q92538	8729
Q92551	9807
Q92570	8013
Q92574	7248
Q92581	10479
Q92597	10397
Q92598	10808
Q92600	9125
Q92608	1794
Q92611	9695
Q92614	399687
Q92616	10985
Q92622	9711
Q92633	1902
Q92673	6653
Q92685	10195
Q92692	5819
Q92731	2100
Q92736	6262
Q92748	7069
Q92752	7143
Q92765	2487
Q92766	6239
Q92769	3066
Q92786	5629
Q92819	3037
Q92820	8836
Q92824	5125
Q92830	2648
Q92835	3635
Q92838	1896
Q92845	22920
Q92847	2693
Q92854	10507
Q92858	474
Q92874	1775
Q92879	10658
Q92887	1244
Q92900	5976
Q92902	3257
Q92904	1618
Q92908	2627
Q92911	6528
Q92934	572
Q92945	8570
Q92947	2639
Q92949	2302
Q92956	8764
Q92959	6578
Q92979	10436
Q92982	4814
Q92985	3665
Q92989	10978
Q92990	11146
Q92995	8975
Q93009	7874
Q93045	11075
Q93088	635
Q95460	3140
Q969G2	89884
Q969G5	112464
Q969G6	55312
Q969G9	85407
Q969H0	55294
Q969I3	92292
Q969J5	116379
Q969K3	80196
Q969N4	83551
Q969Q6	55012
Q969S0	84912
Q969V1	84539
Q969X1	64114
Q969X6	84916
Q96A11	89792
Q96A59	91862
Q96A70	113451
Q96AA3	91869
Q96AD5	57104
Q96AH8	338382
Q96AP0	65057
Q96AZ6	3669
Q96B67	57561
Q96BF6	138151
Q96BK5	54984
Q96C23	130589
Q96C86	28960
Q96CA5	79444
Q96CD2	60490
Q96CG8	115908
Q96CN4	115704
Q96CQ1	55186
Q96CW5	10426
Q96D96	84329
Q96DB9	53827
Q96DC9	78990
Q96DE0	131870
Q96DP5	123263
Q96DZ5	25999
Q96E22	116150
Q96E52	115209
Q96EB6	23411
Q96EH3	115416
Q96EK6	64841
Q96EM0	112849
Q96EN8	55034
Q96EP0	55072
Q96EU6	88745
Q96EU7	29071
Q96EY5	93343
Q96EY8	326625
Q96F10	112483
Q96F25	199857
Q96F81	84976
Q96F86	80153
Q96FI4	79661
Q96FJ2	140735
Q96FV9	9984
Q96FZ5	112616
Q96FZ7	79643
Q96G01	636
Q96G03	55276
Q96G23	29956
Q96GD0	57026
Q96GJ1	79979
Q96GX5	84930
Q96GX9	51074
Q96H20	11267
Q96H72	91252
Q96HA8	55093
Q96HA9	92960
Q96HF1	6423
Q96HI0	205564
Q96HR9	92840
Q96HS1	192111
Q96I15	51540
Q96I23	100996939
Q96IV0	55768
Q96IZ0	5074
Q96IZ5	55285
Q96J02	83737
Q96J66	85320
Q96J92	65266
Q96JA3	84725
Q96JB5	80279
Q96JC1	23339
Q96JD6	83592
Q96KG7	84466
Q96KN8	117245
Q96KN9	219770
Q96KP4	55748
Q96KS0	112398
Q96KW9	122258
Q96L58	126792
Q96L73	64324
Q96L92	81609
Q96L93	55614
Q96LA8	55170
Q96LB1	117194
Q96LR9	81575
Q96LT4	142891
Q96LU5	196294
Q96MC2	92749
Q96MC5	89927
Q96MT3	144165
Q96N76	131669
Q96NA2	83547
Q96NB3	91603
Q96NE9	122786
Q96NT5	113235
Q96NU7	144193
Q96NW4	84079
Q96NX5	57172
Q96P20	114548
Q96P48	116985
Q96P71	63941
Q96PC2	117283
Q96PD4	112744
Q96PE1	25960
Q96PE7	84693
Q96PH1	79400
Q96PM9	25946
Q96PN6	55811
Q96PP8	115362
Q96Q07	114781
Q96Q11	51095
Q96Q83	221120
Q96Q89	9585
Q96Q91	83697
Q96QD8	54407
Q96QE2	114134
Q96QS1	10077
Q96QS3	170302
Q96QU6	84680
Q96RD7	24145
Q96RI1	9971
Q96RK4	585
Q96RQ3	56922
Q96RQ9	259307
Q96RS0	96764
Q96RT1	55914
Q96S06	64788
Q96S42	4838
Q96S44	112858
Q96S79	91608
Q96SF7	6913
Q96ST2	55677
Q96ST3	25942
Q96SZ5	84890
Q96SZ6	51654
Q96T49	26051
Q96T52	83943
Q96T53	619373
Q96T60	11284
Q96T66	349565
Q96T83	84679
Q99075	1839
Q99250	6326
Q99259	2571
Q99424	8309
Q99447	5833
Q99453	8929
Q99459	988
Q99470	6388
Q99489	8528
Q99497	11315
Q99500	1903
Q99502	2138
Q99523	6272
Q99527	2852
Q99538	5641
Q99570	30849
Q99572	5027
Q99575	10940
Q99584	6284
Q99593	6910
Q99624	10991
Q99643	6391
Q99653	11261
Q99684	2672
Q99685	11343
Q99697	5308
Q99714	3028
Q99715	1303
Q99726	7781
Q99728	580
Q99731	6363
Q99758	21
Q99801	4824
Q99808	2030
Q99816	7251
Q99828	10519
Q99835	6608
Q99853	27023
Q99884	6534
Q99966	4435
Q99972	4653
Q99986	7443
Q9BPW9	10170
Q9BQ15	79035
Q9BQ52	60528
Q9BQ95	51295
Q9BQC3	1802
Q9BQE4	55829
Q9BQG0	10514
Q9BQG2	83594
Q9BQI3	27102
Q9BQT8	89874
Q9BR26	128506
Q9BR39	57158
Q9BRD0	84811
Q9BRG1	84313
Q9BRI3	7780
Q9BRJ9	55897
Q9BRK0	51308
Q9BRK5	51150
Q9BRP7	91893
Q9BRP8	84305
Q9BRQ0	90780
Q9BRR6	83440
Q9BRV3	55974
Q9BRX2	53918
Q9BSD3	83695
Q9BSE2	84283
Q9BSE5	79814
Q9BSI4	26277
Q9BSK2	84275
Q9BSK4	55527
Q9BSQ5	83605
Q9BT04	80199
Q9BT17	92170
Q9BT22	56052
Q9BT40	51763
Q9BT67	80762
Q9BTA9	51322
Q9BTE6	100885850
Q9BTE6	80755
Q9BTL3	83640
Q9BTU6	55361
Q9BTV6	92715
Q9BTX1	55706
Q9BTZ2	10901
Q9BU02	79178
Q9BU40	91851
Q9BU70	51531
Q9BU89	83475
Q9BUB4	23536
Q9BUL8	11235
Q9BUR4	55135
Q9BV10	79087
Q9BV35	79085
Q9BV40	8673
Q9BV68	55658
Q9BV79	51102
Q9BV81	83460
Q9BV86	28989
Q9BV94	55741
Q9BVG9	81490
Q9BVK2	79053
Q9BVM4	87769
Q9BVW5	54962
Q9BW60	64834
Q9BW91	53343
Q9BW92	80222
Q9BWF3	5936
Q9BWW4	23648
Q9BX59	55080
Q9BX63	83990
Q9BX66	10580
Q9BX67	83700
Q9BX79	64220
Q9BX95	81537
Q9BXB1	55366
Q9BXC9	583
Q9BXD5	80896
Q9BXI3	84618
Q9BXM7	65018
Q9BXP2	56996
Q9BXS1	91734
Q9BXS9	65010
Q9BY14	83639
Q9BY32	3704
Q9BY84	80824
Q9BYC5	2530
Q9BYE9	54825
Q9BYG0	84002
Q9BYG3	84365
Q9BYN0	140809
Q9BYP7	65267
Q9BYT8	57486
Q9BYV1	64902
Q9BYV7	83875
Q9BYW2	29072
Q9BZ23	80025
Q9BZE4	23560
Q9BZG9	111188157
Q9BZG9	66004
Q9BZG9	432355
Q9BZP6	27159
Q9BZR6	65078
Q9BZS1	50943
Q9BZW2	6561
Q9BZX2	7371
Q9C035	85363
Q9C0B1	79068
Q9C0C7	55626
Q9C0D2	85459
Q9C0K0	64919
Q9GZQ4	56923
Q9GZR1	26054
Q9GZT4	63826
Q9GZV1	26287
Q9GZV3	60482
Q9GZV4	56648
Q9GZV8	63978
Q9GZX6	50616
Q9GZZ1	80218
Q9GZZ9	79876
Q9H008	64077
Q9H063	84232
Q9H081	79003
Q9H082	83452
Q9H0B6	64837
Q9H0D6	22803
Q9H0E2	54472
Q9H0F6	81858
Q9H0N0	84084
Q9H0P0	51251
Q9H0Y0	83734
Q9H171	81030
Q9H1E1	84659
Q9H1K0	64145
Q9H1K1	23479
Q9H1V8	388662
Q9H1Y0	9474
Q9H1Y3	23596
Q9H201	55040
Q9H221	64241
Q9H237	64840
Q9H244	64805
Q9H255	81285
Q9H257	64170
Q9H269	64601
Q9H293	64806
Q9H299	83442
Q9H2C2	64801
Q9H2D1	81034
Q9H2D6	11078
Q9H2F3	80270
Q9H2M3	23743
Q9H2P9	51611
Q9H2W2	83881
Q9H2X0	8646
Q9H2X9	57468
Q9H334	27086
Q9H3D4	8626
Q9H3H1	54802
Q9H3H5	1798
Q9H3M7	10628
Q9H3S7	25930
Q9H444	128866
Q9H477	64080
Q9H479	64122
Q9H488	23509
Q9H4B0	64172
Q9H4B4	1263
Q9H4F1	27090
Q9H4H8	81610
Q9H4X1	28984
Q9H553	85365
Q9H598	140679
Q9H5K3	84197
Q9H5L6	79725
Q9H5P4	79955
Q9H5Y7	84189
Q9H611	80119
Q9H6D3	55113
Q9H6I2	64321
Q9H6L5	54463
Q9H6R3	79611
Q9H6R4	65083
Q9H6S1	64343
Q9H6U8	79796
Q9H772	64388
Q9H773	79077
Q9H790	64789
Q9H799	65250
Q9H7C4	81493
Q9H8P0	79644
Q9H8X2	64768
Q9H8Y5	55139
Q9H903	441024
Q9H993	79624
Q9H9E3	25839
Q9H9G7	192669
Q9H9H5	79929
Q9H9L4	54934
Q9H9P8	79944
Q9H9Y6	84172
Q9H9Z2	79727
Q9HAB3	79581
Q9HAB8	79717
Q9HAC7	79783
Q9HAQ2	64147
Q9HAS3	64078
Q9HAT2	54414
Q9HAV4	57510
Q9HAY6	53630
Q9HB63	59277
Q9HBA0	59341
Q9HBE5	50615
Q9HBG6	55764
Q9HBH1	64146
Q9HBI1	29780
Q9HBJ0	10761
Q9HBJ8	57393
Q9HBK9	57412
Q9HBY0	50508
Q9HC16	60489
Q9HC21	60386
Q9HC29	64127
Q9HC62	59343
Q9HCC8	54857
Q9HCE7	57154
Q9HCG8	57703
Q9HCJ1	56172
Q9HCK4	6092
Q9HCM2	91584
Q9HCM4	57669
Q9HCQ7	64111
Q9HCS7	56949
Q9HCU4	1952
Q9HCX3	57343
Q9HD23	57380
Q9HD26	57120
Q9HD40	51091
Q9HD42	5119
Q9HD89	56729
Q9NNW7	10587
Q9NP55	51297
Q9NP58	10058
Q9NP59	30061
Q9NP71	51085
Q9NP78	23457
Q9NP99	54210
Q9NPB1	56953
Q9NPC4	53947
Q9NPC8	10736
Q9NPF0	51293
Q9NPF2	50515
Q9NPG1	7976
Q9NPH0	51205
Q9NPI5	27231
Q9NPJ1	8195
Q9NPQ8	60626
Q9NQ11	23400
Q9NQ30	11082
Q9NQ38	11005
Q9NQ48	54585
Q9NQ66	23236
Q9NQ69	56956
Q9NQ87	26508
Q9NQ88	57103
Q9NQC3	57142
Q9NQC7	1540
Q9NQG7	89781
Q9NQQ7	51006
Q9NQR1	387893
Q9NQR4	56954
Q9NQW6	54443
Q9NQX3	10243
Q9NR00	56892
Q9NR19	55902
Q9NR45	54187
Q9NR56	4154
Q9NR97	51311
Q9NRA0	56848
Q9NRA2	26503
Q9NRC6	51332
Q9NRC8	51547
Q9NRD5	9463
Q9NRD8	50506
Q9NRI5	27185
Q9NRL2	11177
Q9NRN7	60496
Q9NRR1	54360
Q9NRX4	29085
Q9NS15	4054
Q9NS18	51022
Q9NS61	30819
Q9NS73	51562
Q9NS82	56301
Q9NS86	55915
Q9NS91	56852
Q9NSA3	56998
Q9NSC2	6299
Q9NST1	80339
Q9NT62	64422
Q9NTI2	51761
Q9NTJ5	22908
Q9NTN3	23169
Q9NTX5	55862
Q9NTX7	81847
Q9NUD9	55650
Q9NUG4	140706
Q9NUJ1	55347
Q9NUN5	55788
Q9NUN7	55331
Q9NUV7	55304
Q9NUW8	55775
Q9NUX5	25913
Q9NVC3	55238
Q9NVH0	55218
Q9NVH6	55217
Q9NVM4	54496
Q9NVW2	51132
Q9NW64	55696
Q9NWM0	54498
Q9NWS0	55011
Q9NWT6	55662
Q9NWU1	54995
Q9NWW5	54982
Q9NX02	55655
Q9NX09	54541
Q9NX62	54928
Q9NXA8	23408
Q9NXB0	54903
Q9NXL9	254394
Q9NXW9	54784
Q9NYA1	8877
Q9NYB0	54386
Q9NYF0	51339
Q9NYG8	50801
Q9NYL5	51302
Q9NYL9	29766
Q9NYP7	60481
Q9NYQ3	51179
Q9NYQ6	9620
Q9NYV6	54700
Q9NYY1	50604
Q9NYZ2	51312
Q9NZ56	56776
Q9NZ71	51750
Q9NZ94	54413
Q9NZB8	4337
Q9NZC2	54209
Q9NZC3	51573
Q9NZI8	10642
Q9NZJ5	9451
Q9NZJ6	51805
Q9NZJ9	11163
Q9NZL9	27430
Q9NZN8	4848
Q9NZN9	23746
Q9NZQ0	51277
Q9NZQ7	29126
Q9NZS9	51283
Q9NZU0	23767
Q9NZV5	57190
Q9NZV6	51734
Q9P0G3	43847
Q9P0J1	54704
Q9P0V3	23677
Q9P0W8	55812
Q9P0Z9	51268
Q9P1Z0	57659
Q9P209	55722
Q9P258	55920
Q9P267	55777
Q9P289	51765
Q9P2B4	55917
Q9P2J2	57549
Q9P2K8	440275
Q9P2K9	57540
Q9P2R6	473
Q9P2R7	8803
Q9P2U7	57030
Q9P2X3	55364
Q9P2Y5	7405
Q9UBB9	24144
Q9UBE0	10055
Q9UBK2	10891
Q9UBK8	4552
Q9UBL9	22953
Q9UBM1	10400
Q9UBM7	1717
Q9UBN7	10013
Q9UBP0	6683
Q9UBP5	23493
Q9UBP6	4234
Q9UBQ6	2135
Q9UBQ7	9380
Q9UBR1	51733
Q9UBT3	27121
Q9UBU3	51738
Q9UBV7	11285
Q9UBX3	1468
Q9UBZ9	51455
Q9UD71	84152
Q9UDR5	10157
Q9UDT6	7461
Q9UDY8	10892
Q9UET6	24140
Q9UEW8	27347
Q9UG01	26160
Q9UGB7	55586
Q9UGH3	9962
Q9UGL1	10765
Q9UGM3	1755
Q9UGN4	11314
Q9UH65	23075
Q9UHC3	9311
Q9UHD1	26973
Q9UHD2	29110
Q9UHD9	29978
Q9UHE5	9027
Q9UHG3	51449
Q9UHI5	23428
Q9UHJ6	23729
Q9UHK6	23600
Q9UHN1	11232
Q9UHP3	29761
Q9UHV7	9969
Q9UHW9	9990
Q9UI17	29958
Q9UI95	10459
Q9UIB8	8832
Q9UIC8	51451
Q9UIF7	4595
Q9UIG0	9031
Q9UIJ7	50808
Q9UIK4	23604
Q9UIU6	51804
Q9UIV8	5275
Q9UJ41	27342
Q9UJ70	55577
Q9UJ83	26061
Q9UJA2	54675
Q9UJA3	84515
Q9UJM8	54363
Q9UJP4	9903
Q9UJQ7	140856
Q9UJZ1	30968
Q9UK08	94235
Q9UK23	51172
Q9UK32	27330
Q9UK59	51163
Q9UKG9	54677
Q9UKI2	10602
Q9UKK9	11164
Q9UKL3	9994
Q9UKM7	11253
Q9UKP6	2837
Q9UKV0	9734
Q9UKV5	267
Q9UKV8	27161
Q9UL15	9529
Q9ULF5	57181
Q9ULG6	9236
Q9ULI2	57494
Q9ULI3	57493
Q9ULK5	57216
Q9ULR0	100534599
Q9ULR0	57461
Q9ULU4	23613
Q9ULV1	8322
Q9ULW3	29777
Q9ULW5	25837
Q9ULZ2	26228
Q9ULZ3	29108
Q9UM01	9056
Q9UM07	23569
Q9UM13	10393
Q9UM54	4646
Q9UMR3	57057
Q9UMR5	9374
Q9UMX0	29979
Q9UN36	57447
Q9UN37	27183
Q9UN42	23439
Q9UNG2	8995
Q9UNI1	1990
Q9UNP4	8869
Q9UNQ2	27292
Q9UNU6	1582
Q9UNW1	9562
Q9UP52	7036
Q9UP79	11095
Q9UPA5	8927
Q9UPE1	26576
Q9UPN6	22828
Q9UPQ8	22845
Q9UPY3	23405
Q9UPY5	23657
Q9UQ10	27294
Q9UQ16	26052
Q9UQ49	10825
Q9UQ84	9156
Q9UQF2	9479
Q9Y219	3714
Q9Y223	10020
Q9Y226	9390
Q9Y227	9583
Q9Y237	5303
Q9Y239	10392
Q9Y248	51659
Q9Y261	3170
Q9Y271	10800
Q9Y274	10402
Q9Y278	9956
Q9Y289	8884
Q9Y2B2	9487
Q9Y2C9	10333
Q9Y2E5	23324
Q9Y2G3	23200
Q9Y2G9	22904
Q9Y2H2	22876
Q9Y2I1	11188
Q9Y2J8	11240
Q9Y2K1	22890
Q9Y2L5	22878
Q9Y2M0	22909
Q9Y2M5	27252
Q9Y2P5	10998
Q9Y2S2	51084
Q9Y2T1	8313
Q9Y2T3	9615
Q9Y2X3	51602
Q9Y2Y1	51728
Q9Y2Y8	10394
Q9Y2Z0	10910
Q9Y2Z4	51067
Q9Y315	51071
Q9Y376	51719
Q9Y397	51114
Q9Y3D7	51025
Q9Y3I0	51493
Q9Y3I1	25793
Q9Y3Q0	10003
Q9Y3T9	26155
Q9Y3V2	25950
Q9Y3Z3	25939
Q9Y466	7101
Q9Y468	26013
Q9Y4B5	23255
Q9Y4B6	9730
Q9Y4C1	55818
Q9Y4C2	9747
Q9Y4D2	747
Q9Y4E5	26036
Q9Y4E8	9958
Q9Y4I1	4644
Q9Y4R8	9894
Q9Y4U1	25974
Q9Y512	25813
Q9Y566	50944
Q9Y570	51400
Q9Y572	11035
Q9Y584	29928
Q9Y5H0	56112
Q9Y5K6	23607
Q9Y5K8	51382
Q9Y5L0	23534
Q9Y5L3	954
Q9Y5P4	10087
Q9Y5P6	29925
Q9Y5Q3	9935
Q9Y5R5	10655
Q9Y5S8	27035
Q9Y5V0	51123
Q9Y5X3	27131
Q9Y5X5	10886
Q9Y5Y0	28982
Q9Y5Y5	9409
Q9Y5Z9	29914
Q9Y606	80324
Q9Y616	11213
Q9Y617	29968
Q9Y618	9612
Q9Y619	10166
Q9Y639	27020
Q9Y662	9953
Q9Y673	29880
Q9Y679	550
Q9Y697	9054
Q9Y6A2	10858
Q9Y6D5	10564
Q9Y6D6	10565
Q9Y6D9	8379
Q9Y6E7	23409
Q9Y6F9	7475
Q9Y6J6	9992
Q9Y6K8	26289
Q9Y6K9	8517
Q9Y6M5	7779
Q9Y6N5	58472
Q9Y6Q9	8202
Q9Y6W8	29851
Q9Y6X5	22875
U3KPV4	127550
V9HW75	4925
