MESH_1,MESH_2
MESH:D008659,MESH:D004194
MESH:D001523,MESH:D004194
MESH:D013577,MESH:D004194
MESH:D030342,MESH:D004194
MESH:D004670,MESH:D014777
MESH:D004670,MESH:D001102
MESH:D004675,MESH:D014777
MESH:D004675,MESH:D001102
MESH:D005077,MESH:D014777
MESH:D005077,MESH:D001102
MESH:D000071243,MESH:D014777
MESH:D000071243,MESH:D001102
MESH:D008146,MESH:D014777
MESH:D008146,MESH:D001102
MESH:D009107,MESH:D014777
MESH:D009107,MESH:D001102
MESH:D020242,MESH:D014777
MESH:D020242,MESH:D001102
MESH:D020241,MESH:D014777
MESH:D020241,MESH:D001102
MESH:D004672,MESH:D014777
MESH:D004672,MESH:D001102
MESH:D004674,MESH:D014777
MESH:D004674,MESH:D001102
MESH:D006232,MESH:D014777
MESH:D006232,MESH:D001102
MESH:D011000,MESH:D014777
MESH:D011000,MESH:D001102
MESH:D006557,MESH:D014777
MESH:D006557,MESH:D001102
MESH:D003218,MESH:D014777
MESH:D003218,MESH:D001102
MESH:D003232,MESH:D014777
MESH:D003232,MESH:D001102
MESH:D011818,MESH:D014777
MESH:D011818,MESH:D001102
MESH:D006480,MESH:D014777
MESH:D006480,MESH:D001102
MESH:D007733,MESH:D014777
MESH:D007733,MESH:D001102
MESH:D010217,MESH:D014777
MESH:D010217,MESH:D001102
MESH:D008216,MESH:D014777
MESH:D008216,MESH:D001102
MESH:D003715,MESH:D014777
MESH:D003715,MESH:D001102
MESH:D006479,MESH:D014777
MESH:D006479,MESH:D001102
MESH:D006506,MESH:D014777
MESH:D006506,MESH:D001102
MESH:D018357,MESH:D014777
MESH:D018357,MESH:D001102
MESH:D012295,MESH:D014777
MESH:D012295,MESH:D001102
MESH:D000258,MESH:D014777
MESH:D000258,MESH:D001102
MESH:D018804,MESH:D014777
MESH:D018804,MESH:D001102
MESH:D006526,MESH:D014777
MESH:D006526,MESH:D001102
MESH:D006509,MESH:D014777
MESH:D006509,MESH:D001102
MESH:D003699,MESH:D014777
MESH:D003699,MESH:D001102
MESH:D014901,MESH:D014777
MESH:D014901,MESH:D001102
MESH:D009521,MESH:D014777
MESH:D009521,MESH:D001102
MESH:D000453,MESH:D014777
MESH:D000453,MESH:D001102
MESH:D045169,MESH:D014777
MESH:D045169,MESH:D001102
MESH:D015493,MESH:D014777
MESH:D015493,MESH:D001102
MESH:D045908,MESH:D014777
MESH:D045908,MESH:D001102
MESH:D014615,MESH:D014777
MESH:D014615,MESH:D001102
MESH:D019142,MESH:D014777
MESH:D019142,MESH:D001102
MESH:D008379,MESH:D014777
MESH:D008379,MESH:D001102
MESH:D016751,MESH:D014777
MESH:D016751,MESH:D001102
MESH:D003121,MESH:D014777
MESH:D003121,MESH:D001102
MESH:D011051,MESH:D014777
MESH:D011051,MESH:D001102
MESH:D001890,MESH:D014777
MESH:D001890,MESH:D001102
MESH:D015658,MESH:D014777
MESH:D015658,MESH:D001102
MESH:D017573,MESH:D014777
MESH:D017573,MESH:D001102
MESH:D007968,MESH:D014777
MESH:D007968,MESH:D001102
MESH:D007251,MESH:D014777
MESH:D007251,MESH:D001102
MESH:D006562,MESH:D014777
MESH:D006562,MESH:D001102
MESH:D006561,MESH:D014777
MESH:D006561,MESH:D001102
MESH:D007244,MESH:D014777
MESH:D007244,MESH:D001102
MESH:D008457,MESH:D014777
MESH:D008457,MESH:D001102
MESH:D002644,MESH:D014777
MESH:D002644,MESH:D001102
MESH:D011213,MESH:D014777
MESH:D011213,MESH:D001102
MESH:D012899,MESH:D014777
MESH:D012899,MESH:D001102
MESH:D004474,MESH:D014777
MESH:D004474,MESH:D001102
MESH:D012409,MESH:D014777
MESH:D012409,MESH:D001102
MESH:D008976,MESH:D014777
MESH:D008976,MESH:D001102
MESH:D015605,MESH:D014777
MESH:D015605,MESH:D001102
MESH:D013344,MESH:D014777
MESH:D013344,MESH:D001102
MESH:D016697,MESH:D014777
MESH:D016697,MESH:D001102
MESH:D007835,MESH:D014777
MESH:D007835,MESH:D001102
MESH:D004685,MESH:D014777
MESH:D004685,MESH:D001102
MESH:D015004,MESH:D014777
MESH:D015004,MESH:D001102
MESH:D006481,MESH:D014777
MESH:D006481,MESH:D001102
MESH:D051359,MESH:D008206
MESH:C537255,MESH:D008206
MESH:D013158,MESH:D008206
MESH:D015614,MESH:D008206
MESH:D008210,MESH:D008206
MESH:D008209,MESH:D008206
MESH:D008205,MESH:D008206
MESH:D010854,MESH:D009181
MESH:D004604,MESH:D004604
MESH:D007619,MESH:D002925
MESH:D011015,MESH:D018410
MESH:D054990,MESH:D000080203
MESH:D018549,MESH:D000080203
MESH:C562470,MESH:D000080203
MESH:D004892,MESH:D012873
MESH:D004892,MESH:D012871
MESH:D013262,MESH:D012873
MESH:D013262,MESH:D012871
MESH:D016506,MESH:D012873
MESH:D016506,MESH:D012871
MESH:D053529,MESH:D012873
MESH:D053529,MESH:D012871
MESH:D056266,MESH:D012873
MESH:D056266,MESH:D012871
MESH:D005076,MESH:D012873
MESH:D005076,MESH:D012871
MESH:C536321,MESH:D012873
MESH:C536321,MESH:D012871
MESH:D008118,MESH:D012873
MESH:D008118,MESH:D012871
MESH:D013543,MESH:D012873
MESH:D013543,MESH:D012871
MESH:D000799,MESH:D012873
MESH:D000799,MESH:D012871
MESH:D007642,MESH:D012873
MESH:D007642,MESH:D012871
MESH:D003872,MESH:D012873
MESH:D003872,MESH:D012871
MESH:D019871,MESH:D012873
MESH:D019871,MESH:D012871
MESH:D012872,MESH:D012873
MESH:D012872,MESH:D012871
MESH:D011038,MESH:D012873
MESH:D011038,MESH:D012871
MESH:D005148,MESH:D012873
MESH:D005148,MESH:D012871
MESH:D012536,MESH:D012873
MESH:D012536,MESH:D012871
MESH:D012592,MESH:D012873
MESH:D012592,MESH:D012871
MESH:D007868,MESH:D012873
MESH:D007868,MESH:D012871
MESH:D003483,MESH:D012873
MESH:D003483,MESH:D012871
MESH:D008068,MESH:D012873
MESH:D008068,MESH:D012871
MESH:D010859,MESH:D012873
MESH:D010859,MESH:D012871
MESH:D006229,MESH:D012873
MESH:D006229,MESH:D012871
MESH:D009335,MESH:D012873
MESH:D009335,MESH:D012871
MESH:D002481,MESH:D012873
MESH:D002481,MESH:D012871
MESH:D017488,MESH:D012873
MESH:D017488,MESH:D012871
MESH:D049328,MESH:D012873
MESH:D049328,MESH:D012871
MESH:D000082242,MESH:D012873
MESH:D000082242,MESH:D012871
MESH:D008060,MESH:D012873
MESH:D008060,MESH:D012871
MESH:D012393,MESH:D012873
MESH:D012393,MESH:D012871
MESH:D011565,MESH:D012873
MESH:D011565,MESH:D012871
MESH:D017445,MESH:D012873
MESH:D017445,MESH:D012871
MESH:D015624,MESH:D020511
MESH:D020294,MESH:D020511
MESH:D009157,MESH:D020511
MESH:D058285,MESH:D004478
MESH:D009198,MESH:D004478
MESH:D013984,MESH:D004478
MESH:D010373,MESH:D004478
MESH:D008924,MESH:D004478
MESH:D000839,MESH:D012030
MESH:D011305,MESH:D012030
MESH:D001251,MESH:D012030
MESH:D009216,MESH:D012030
MESH:D015858,MESH:D012030
MESH:D006956,MESH:D012030
MESH:D003409,MESH:D007037
MESH:D018382,MESH:D007037
MESH:D009230,MESH:D007037
MESH:C564243,MESH:D012164
MESH:D058437,MESH:D012164
MESH:D012178,MESH:D012164
MESH:D000793,MESH:D012164
MESH:D057130,MESH:D012164
MESH:D012173,MESH:D012164
MESH:D012163,MESH:D012164
MESH:D010211,MESH:D012164
MESH:D012167,MESH:D012164
MESH:D012162,MESH:D012164
MESH:D009755,MESH:D012164
MESH:D017674,MESH:D010760
MESH:D054559,MESH:D010760
MESH:C572568,MESH:D000081208
MESH:D012148,MESH:D002493
MESH:D008590,MESH:D002493
MESH:D006429,MESH:D002493
MESH:D020802,MESH:D002493
MESH:D013354,MESH:D002493
MESH:D011782,MESH:D002493
MESH:D019636,MESH:D002493
MESH:D013118,MESH:D002493
MESH:D009187,MESH:D002493
MESH:D006610,MESH:D002493
MESH:D010264,MESH:D002493
MESH:D004679,MESH:D002493
MESH:D009471,MESH:D002493
MESH:D001927,MESH:D002493
MESH:D008581,MESH:D002493
MESH:D020817,MESH:D000067877
MESH:D001321,MESH:D000067877
MESH:D034062,MESH:D017096
MESH:D007562,MESH:D017096
MESH:D034081,MESH:D017096
MESH:D016098,MESH:D017096
MESH:D012608,MESH:D017096
MESH:D016643,MESH:D017096
MESH:D007729,MESH:D017096
MESH:D050030,MESH:D008133
MESH:D029593,MESH:D008133
MESH:D052120,MESH:D016464
MESH:D054880,MESH:D016464
MESH:D003554,MESH:D016464
MESH:D009083,MESH:D016464
MESH:D005645,MESH:D016464
MESH:D009081,MESH:D016464
MESH:D008363,MESH:D016464
MESH:D044905,MESH:D016464
MESH:D029461,MESH:D016464
MESH:D008064,MESH:D016464
MESH:D052496,MESH:D008060
MESH:D052517,MESH:D013106
MESH:D007966,MESH:D013106
MESH:D007965,MESH:D013106
MESH:D000795,MESH:D013106
MESH:D005776,MESH:D013106
MESH:D005733,MESH:D013106
MESH:D052919,MESH:D018901
MESH:D054078,MESH:D018901
MESH:C536662,MESH:D018901
MESH:D020642,MESH:D018901
MESH:D015211,MESH:D018901
MESH:D053098,MESH:D012279
MESH:D053579,MESH:D015499
MESH:D056929,MESH:D015499
MESH:C538212,MESH:D015499
MESH:D057973,MESH:D015499
MESH:C564487,MESH:D015499
MESH:D005198,MESH:D015499
MESH:D000141,MESH:D015499
MESH:D001477,MESH:D015499
MESH:D011546,MESH:D015499
MESH:D006030,MESH:D015499
MESH:D054331,MESH:D007248
MESH:D053713,MESH:D007248
MESH:D009845,MESH:D007248
MESH:D054429,MESH:D054437
MESH:D055036,MESH:D010009
MESH:C564334,MESH:D010009
MESH:C536637,MESH:D010009
MESH:C564589,MESH:D010009
MESH:C537914,MESH:D010009
MESH:C535943,MESH:D010009
MESH:C562524,MESH:D010009
MESH:D058631,MESH:D010009
MESH:C562937,MESH:D010009
MESH:C563007,MESH:D010009
MESH:C537207,MESH:D010009
MESH:C535819,MESH:D010009
MESH:D010013,MESH:D010009
MESH:D010009,MESH:D010009
MESH:D013796,MESH:D010009
MESH:D002973,MESH:D010009
MESH:C536170,MESH:D010009
MESH:D010855,MESH:D010009
MESH:D000130,MESH:D010009
MESH:D055577,MESH:D008064
MESH:D015223,MESH:D008064
MESH:D015217,MESH:D008064
MESH:D009472,MESH:D008064
MESH:D013106,MESH:D008064
MESH:D014973,MESH:D008064
MESH:D005235,MESH:D008064
MESH:D005234,MESH:D008064
MESH:D055653,MESH:D003123
MESH:D056684,MESH:D013577
MESH:C536259,MESH:D013577
MESH:D015043,MESH:D013577
MESH:D058747,MESH:D013577
MESH:C536026,MESH:D013577
MESH:D017675,MESH:D013577
MESH:C536530,MESH:D013577
MESH:C536528,MESH:D013577
MESH:C563529,MESH:D013577
MESH:C536029,MESH:D013577
MESH:C562492,MESH:D013577
MESH:C536232,MESH:D013577
MESH:C563160,MESH:D013577
MESH:C563159,MESH:D013577
MESH:C537711,MESH:D013577
MESH:C563043,MESH:D013577
MESH:D054221,MESH:D013577
MESH:C536525,MESH:D013577
MESH:C537705,MESH:D013577
MESH:C536399,MESH:D013577
MESH:C537330,MESH:D013577
MESH:C537279,MESH:D013577
MESH:C567416,MESH:D013577
MESH:C557674,MESH:D013577
MESH:C536990,MESH:D013577
MESH:C566822,MESH:D013577
MESH:C537403,MESH:D013577
MESH:D005258,MESH:D013577
MESH:D000270,MESH:D013577
MESH:D011085,MESH:D013577
MESH:C538103,MESH:D013577
MESH:D013349,MESH:D013577
MESH:D008151,MESH:D013577
MESH:D020083,MESH:D013577
MESH:D010004,MESH:D013577
MESH:D012202,MESH:D013577
MESH:C536534,MESH:D013577
MESH:C562446,MESH:D013577
MESH:C537015,MESH:D013577
MESH:C535718,MESH:D013577
MESH:D013625,MESH:D013577
MESH:D001015,MESH:D013577
MESH:D006053,MESH:D013577
MESH:D007715,MESH:D013577
MESH:D014924,MESH:D013577
MESH:D009634,MESH:D013577
MESH:D018923,MESH:D013577
MESH:D006210,MESH:D013577
MESH:D004687,MESH:D013577
MESH:D018777,MESH:D013577
MESH:D010015,MESH:D013577
MESH:D001506,MESH:D013577
MESH:C536736,MESH:D013577
MESH:C536012,MESH:D013577
MESH:C535330,MESH:D013577
MESH:D055010,MESH:D013577
MESH:D058540,MESH:D013577
MESH:D015673,MESH:D013577
MESH:D013398,MESH:D013577
MESH:D015535,MESH:D013577
MESH:C537599,MESH:D013577
MESH:D055673,MESH:D013577
MESH:D043183,MESH:D013577
MESH:D056889,MESH:D008052
MESH:C535589,MESH:D008052
MESH:C535460,MESH:D008052
MESH:D012035,MESH:D008052
MESH:D006949,MESH:D008052
MESH:D006951,MESH:D008052
MESH:D007009,MESH:D008052
MESH:D008065,MESH:D008052
MESH:D019082,MESH:D008052
MESH:D043202,MESH:D008052
MESH:D015459,MESH:D015458
MESH:C563948,MESH:D009134
MESH:D014897,MESH:D009134
MESH:D055534,MESH:D009134
MESH:D016472,MESH:D009134
MESH:C537743,MESH:D009755
MESH:D014256,MESH:D007174
MESH:D005715,MESH:D007174
MESH:D007174,MESH:D007174
MESH:D005391,MESH:D007174
MESH:D020232,MESH:D007174
MESH:D015212,MESH:D007410
MESH:D006552,MESH:D007410
MESH:D006554,MESH:D007410
MESH:D007409,MESH:D007410
MESH:D012778,MESH:D007410
MESH:D001765,MESH:D007410
MESH:D013182,MESH:D007410
MESH:D011504,MESH:D007410
MESH:D012002,MESH:D007410
MESH:D011006,MESH:D007410
MESH:D055496,MESH:D007410
MESH:D002429,MESH:D007410
MESH:D007416,MESH:D007410
MESH:D010580,MESH:D007410
MESH:D004378,MESH:D007410
MESH:D003108,MESH:D007410
MESH:D004238,MESH:D007410
MESH:D007415,MESH:D007410
MESH:D011178,MESH:D007410
MESH:D008061,MESH:D007410
MESH:D004382,MESH:D007410
MESH:D000848,MESH:D014076
MESH:D009050,MESH:D014076
MESH:D010510,MESH:D014076
MESH:D003811,MESH:D014076
MESH:D003788,MESH:D014076
MESH:D010520,MESH:D014076
MESH:C562664,MESH:D005128
MESH:D016117,MESH:D005128
MESH:D055952,MESH:D005128
MESH:D001763,MESH:D005128
MESH:D003316,MESH:D005128
MESH:D012173,MESH:D005128
MESH:D000550,MESH:D005128
MESH:D008850,MESH:D005128
MESH:D007905,MESH:D005128
MESH:D015422,MESH:D005128
MESH:D003103,MESH:D005128
MESH:D007766,MESH:D005128
MESH:D011681,MESH:D005128
MESH:D014603,MESH:D005128
MESH:D003229,MESH:D005128
MESH:D012164,MESH:D005128
MESH:D015814,MESH:D005128
MESH:D058499,MESH:D005128
MESH:D002825,MESH:D005128
MESH:D007637,MESH:D005128
MESH:D005094,MESH:D005128
MESH:D012030,MESH:D005128
MESH:C536589,MESH:D006429
MESH:C537440,MESH:D020758
MESH:C537440,MESH:D014652
MESH:C537440,MESH:D020760
MESH:C537440,MESH:D000783
MESH:D017700,MESH:D020758
MESH:D017700,MESH:D014652
MESH:D017700,MESH:D020760
MESH:D017700,MESH:D000783
MESH:D016888,MESH:D020758
MESH:D016888,MESH:D014652
MESH:D016888,MESH:D020760
MESH:D016888,MESH:D000783
MESH:D013901,MESH:D020758
MESH:D013901,MESH:D014652
MESH:D013901,MESH:D020760
MESH:D013901,MESH:D000783
MESH:D007511,MESH:D020758
MESH:D007511,MESH:D014652
MESH:D007511,MESH:D020760
MESH:D007511,MESH:D000783
MESH:D001157,MESH:D020758
MESH:D001157,MESH:D014652
MESH:D001157,MESH:D020760
MESH:D001157,MESH:D000783
MESH:D014657,MESH:D020758
MESH:D014657,MESH:D014652
MESH:D014657,MESH:D020760
MESH:D014657,MESH:D000783
MESH:C565942,MESH:D003240
MESH:D001847,MESH:D003240
MESH:D000387,MESH:D003240
MESH:D009221,MESH:D003240
MESH:D002062,MESH:D003240
MESH:D009794,MESH:D003240
MESH:D012213,MESH:D003240
MESH:D018856,MESH:D003240
MESH:D000070676,MESH:D003240
MESH:D013585,MESH:D003240
MESH:D017520,MESH:D003240
MESH:D054061,MESH:D003240
MESH:D008480,MESH:D003240
MESH:D003095,MESH:D003240
MESH:D000071380,MESH:D003240
MESH:D005208,MESH:D003240
MESH:D010522,MESH:D003240
MESH:D004694,MESH:D006343
MESH:D006345,MESH:D006343
MESH:D006344,MESH:D006343
MESH:C536788,MESH:D013580
MESH:C535284,MESH:D013580
MESH:D013576,MESH:D013580
MESH:D000168,MESH:D013580
MESH:D003398,MESH:D013580
MESH:C537658,MESH:D001480
MESH:C536275,MESH:D001480
MESH:C563003,MESH:D001480
MESH:D057826,MESH:D008268
MESH:C567518,MESH:D008268
MESH:D009371,MESH:D009369
MESH:C536607,MESH:D009468
MESH:C538343,MESH:D009468
MESH:D002607,MESH:D009468
MESH:D020511,MESH:D009468
MESH:D020966,MESH:D009468
MESH:D002821,MESH:D010922
MESH:D002821,MESH:D011248
MESH:D010923,MESH:D010922
MESH:D010923,MESH:D011248
MESH:D016104,MESH:D010922
MESH:D016104,MESH:D011248
MESH:D010927,MESH:D010922
MESH:D010927,MESH:D011248
MESH:D010921,MESH:D010922
MESH:D010921,MESH:D011248
MESH:D006831,MESH:D010922
MESH:D006831,MESH:D011248
MESH:D000033,MESH:D010922
MESH:D000033,MESH:D011248
MESH:D009202,MESH:D006331
MESH:D006330,MESH:D006331
MESH:D016127,MESH:D006331
MESH:D006349,MESH:D006331
MESH:D006333,MESH:D006331
MESH:D006322,MESH:D006331
MESH:D016403,MESH:D016393
MESH:D020522,MESH:D016393
MESH:D058617,MESH:D016393
MESH:D002524,MESH:D002526
MESH:D003616,MESH:D002526
MESH:C535808,MESH:D028361
MESH:C537475,MESH:D028361
MESH:C565375,MESH:D028361
MESH:D007888,MESH:D028361
MESH:D030401,MESH:D028361
MESH:D020967,MESH:D020967
MESH:D009223,MESH:D020967
MESH:D054546,MESH:D019636
MESH:C536841,MESH:D019636
MESH:C580383,MESH:D019636
MESH:C563702,MESH:D019636
MESH:D020774,MESH:D019636
MESH:D002527,MESH:D019636
MESH:D006816,MESH:D019636
MESH:D010302,MESH:D019636
MESH:D009849,MESH:D019636
MESH:D016472,MESH:D019636
MESH:D003711,MESH:D019636
MESH:D006211,MESH:D019636
MESH:D024801,MESH:D019636
MESH:D013132,MESH:D019636
MESH:D054546,MESH:D054546
MESH:D010235,MESH:D018358
MESH:D013005,MESH:D018358
MESH:D003969,MESH:D018358
MESH:D015408,MESH:D018358
MESH:D020528,MESH:D009103
MESH:D020529,MESH:D009103
MESH:C536665,MESH:D012734
MESH:C531633,MESH:D003677
MESH:D020915,MESH:D003677
MESH:D014813,MESH:D003677
MESH:D011502,MESH:D003677
MESH:D006043,MESH:D003677
MESH:D000752,MESH:D003677
MESH:D012614,MESH:D003677
MESH:D001602,MESH:D003677
MESH:D013540,MESH:D003677
MESH:D012257,MESH:D003677
MESH:D026681,MESH:D003677
MESH:D002796,MESH:D003677
MESH:D010383,MESH:D003677
MESH:D004422,MESH:D004421
MESH:D004422,MESH:D020821
MESH:D020821,MESH:D004421
MESH:D020821,MESH:D020821
MESH:D020181,MESH:D012891
MESH:D020182,MESH:D012891
MESH:D008224,MESH:D008228
MESH:D016393,MESH:D008228
MESH:D016767,MESH:D001649
MESH:D002779,MESH:D001649
MESH:D003137,MESH:D001649
MESH:D015529,MESH:D001649
MESH:D002761,MESH:D001649
MESH:D018242,MESH:D015192
MESH:D008527,MESH:D015192
MESH:D020295,MESH:D015192
MESH:D002528,MESH:D015192
MESH:D009190,MESH:D009196
MESH:D054437,MESH:D009196
MESH:D020754,MESH:D020754
MESH:C537202,MESH:D020754
MESH:C537203,MESH:D020754
MESH:D020191,MESH:D020754
MESH:D017827,MESH:D020754
MESH:D053632,MESH:D016511
MESH:C538361,MESH:D016511
MESH:D016511,MESH:D016511
MESH:D008223,MESH:D019337
MESH:D007938,MESH:D019337
MESH:D009196,MESH:D019337
MESH:D023981,MESH:D019337
MESH:D008228,MESH:D008223
MESH:D006689,MESH:D008223
MESH:D010610,MESH:D005770
MESH:D010610,MESH:D004067
MESH:D007414,MESH:D005770
MESH:D007414,MESH:D004067
MESH:D013274,MESH:D005770
MESH:D013274,MESH:D004067
MESH:D008113,MESH:D005770
MESH:D008113,MESH:D004067
MESH:D001661,MESH:D005770
MESH:D001661,MESH:D004067
MESH:D004938,MESH:D005770
MESH:D004938,MESH:D004067
MESH:D046152,MESH:D005770
MESH:D046152,MESH:D004067
MESH:D006362,MESH:D007160
MESH:D012507,MESH:D007160
MESH:D016878,MESH:D007160
MESH:D003449,MESH:D007160
MESH:D019873,MESH:D007160
MESH:D056735,MESH:D007160
MESH:C531604,MESH:D000377
MESH:D004410,MESH:D000377
MESH:D004411,MESH:D000377
MESH:D020238,MESH:D000377
MESH:D017593,MESH:D006970
MESH:D016574,MESH:D003863
MESH:D003866,MESH:D003863
MESH:D003092,MESH:D015212
MESH:D003424,MESH:D015212
MESH:D017091,MESH:D003092
MESH:D046728,MESH:D003092
MESH:D004761,MESH:D003092
MESH:D003093,MESH:D003092
MESH:D046729,MESH:D046728
MESH:D046730,MESH:D046728
MESH:D007079,MESH:D003424
MESH:D003424,MESH:D003424
MESH:D002549,MESH:D003711
MESH:D009103,MESH:D003711
MESH:C538186,MESH:D004413
MESH:C566345,MESH:D004413
MESH:D013580,MESH:D004413
MESH:C538179,MESH:D004413
MESH:C563187,MESH:D000168
MESH:C537227,MESH:D000168
MESH:D000168,MESH:D000168
MESH:C537300,MESH:D000168
MESH:C538153,MESH:D013576
MESH:D013342,MESH:D001184
MESH:C565409,MESH:D015419
MESH:C565209,MESH:D003316
MESH:C562829,MESH:D003316
MESH:D007640,MESH:D003316
MESH:D015715,MESH:D003316
MESH:D003317,MESH:D003316
MESH:D007634,MESH:D003316
MESH:C536624,MESH:D009136
MESH:D039141,MESH:D009136
MESH:D049310,MESH:D009136
MESH:D020388,MESH:D009136
MESH:D049288,MESH:D009136
MESH:D020389,MESH:D009136
MESH:D020391,MESH:D009136
MESH:D020967,MESH:D009136
MESH:D005705,MESH:D004066
MESH:D004403,MESH:D004066
MESH:D005759,MESH:D004066
MESH:D004066,MESH:D004066
MESH:D009059,MESH:D004066
MESH:D007410,MESH:D004066
MESH:D004935,MESH:D004066
MESH:D010437,MESH:D004066
MESH:D013272,MESH:D004066
MESH:D005764,MESH:D004066
MESH:D020345,MESH:D004066
MESH:D065708,MESH:D001927
MESH:D020828,MESH:D001927
MESH:D006501,MESH:D001927
MESH:D004827,MESH:D001927
MESH:D007027,MESH:D001927
MESH:D002547,MESH:D001927
MESH:D004678,MESH:D001927
MESH:D007647,MESH:D001927
MESH:D014899,MESH:D001927
MESH:D014717,MESH:D001927
MESH:D002526,MESH:D001927
MESH:D020431,MESH:D001927
MESH:D000405,MESH:D001927
MESH:D013786,MESH:D001927
MESH:D019585,MESH:D001927
MESH:D001929,MESH:D001927
MESH:D009069,MESH:D001927
MESH:D017590,MESH:D001927
MESH:D008881,MESH:D001927
MESH:D017096,MESH:D001927
MESH:D001480,MESH:D001927
MESH:D019586,MESH:D001927
MESH:D004660,MESH:D001927
MESH:C564738,MESH:C580383
MESH:C567325,MESH:C580383
MESH:C567324,MESH:C580383
MESH:C548072,MESH:C580383
MESH:C536716,MESH:C580383
MESH:C537745,MESH:C580383
MESH:C548074,MESH:C580383
MESH:C566469,MESH:D000303
MESH:C566472,MESH:D000303
MESH:D000308,MESH:D000303
MESH:D009347,MESH:D000303
MESH:D006457,MESH:D006456
MESH:C536717,MESH:C536232
MESH:C580533,MESH:D002806
MESH:D018902,MESH:D002806
MESH:C557675,MESH:D014133
MESH:D014135,MESH:D014133
MESH:D014136,MESH:D014133
MESH:D017733,MESH:D009059
MESH:D014076,MESH:D009059
MESH:D014060,MESH:D009059
MESH:D002054,MESH:D009059
MESH:D007967,MESH:D009059
MESH:D009914,MESH:D009059
MESH:D008047,MESH:D009059
MESH:D013280,MESH:D009059
MESH:D009958,MESH:D009958
MESH:C557817,MESH:D009958
MESH:C537133,MESH:D009958
MESH:C557819,MESH:D009958
MESH:C563104,MESH:D009958
MESH:C557820,MESH:D009958
MESH:C563491,MESH:D009958
MESH:C557821,MESH:D009958
MESH:C557818,MESH:D009958
MESH:D008169,MESH:D008171
MESH:D008471,MESH:D008171
MESH:C562405,MESH:D008171
MESH:D011649,MESH:D008171
MESH:D056586,MESH:D008171
MESH:D008173,MESH:D008171
MESH:D008878,MESH:D008171
MESH:D001988,MESH:D008171
MESH:D017563,MESH:D008171
MESH:D016726,MESH:D008171
MESH:D012832,MESH:D008171
MESH:D011014,MESH:D008171
MESH:D015473,MESH:D015470
MESH:D006323,MESH:D006333
MESH:D011660,MESH:D006333
MESH:D054143,MESH:D006333
MESH:D054144,MESH:D006333
MESH:D008417,MESH:D010000
MESH:D013716,MESH:D010000
MESH:D007592,MESH:D010000
MESH:D006958,MESH:D010000
MESH:D013167,MESH:D010000
MESH:D055034,MESH:D010000
MESH:D001168,MESH:D010000
MESH:D008591,MESH:D016135
MESH:D016136,MESH:D016135
MESH:D012003,MESH:D012002
MESH:D006547,MESH:D012002
MESH:D011349,MESH:D012002
MESH:D001004,MESH:D012002
MESH:D012005,MESH:D012002
MESH:D011271,MESH:D005831
MESH:D000292,MESH:D005831
MESH:D010049,MESH:D005831
MESH:D014623,MESH:D005831
MESH:D000568,MESH:D005831
MESH:D005184,MESH:D005831
MESH:D014845,MESH:D005831
MESH:D014848,MESH:D005831
MESH:D004715,MESH:D005831
MESH:D014591,MESH:D005831
MESH:D006175,MESH:D005831
MESH:D010310,MESH:D005831
MESH:D011293,MESH:D005831
MESH:D016917,MESH:D001474
MESH:D014205,MESH:D001474
MESH:D002372,MESH:D001474
MESH:C538228,MESH:D000592
MESH:C562687,MESH:D000592
MESH:D006250,MESH:D000592
MESH:C536778,MESH:D000592
MESH:D056807,MESH:D000592
MESH:D009100,MESH:D000592
MESH:D006712,MESH:D000592
MESH:D003555,MESH:D000592
MESH:D056806,MESH:D000592
MESH:D020158,MESH:D000592
MESH:D000474,MESH:D000592
MESH:D020167,MESH:D000592
MESH:D020176,MESH:D000592
MESH:D020138,MESH:D000592
MESH:D020165,MESH:D000592
MESH:D017042,MESH:D000592
MESH:D010661,MESH:D000592
MESH:C566108,MESH:D001791
MESH:D013921,MESH:D001791
MESH:D013915,MESH:D001791
MESH:D010981,MESH:D001791
MESH:D013922,MESH:D001791
MESH:D054069,MESH:D008661
MESH:D011164,MESH:D008661
MESH:D006933,MESH:D008661
MESH:D006932,MESH:D008661
MESH:D002239,MESH:D008661
MESH:D008052,MESH:D008661
MESH:D016464,MESH:D008661
MESH:D028361,MESH:D008661
MESH:D008664,MESH:D008661
MESH:D018901,MESH:D008661
MESH:D000592,MESH:D008661
MESH:C566323,MESH:D007642
MESH:D007644,MESH:D007642
MESH:D017499,MESH:D007642
MESH:D017492,MESH:D007642
MESH:D002781,MESH:D007642
MESH:C535963,MESH:D010013
MESH:C562884,MESH:D019214
MESH:D005882,MESH:D019214
MESH:D005886,MESH:D019214
MESH:D055665,MESH:D011693
MESH:D011694,MESH:D011693
MESH:C562940,MESH:D010026
MESH:D010023,MESH:D010026
MESH:D010022,MESH:D010026
MESH:D008557,MESH:D010026
MESH:D003966,MESH:D010026
MESH:C536748,MESH:D015576
MESH:D005096,MESH:D015576
MESH:D010001,MESH:D015576
MESH:C537045,MESH:D011547
MESH:D011556,MESH:D011547
MESH:D007418,MESH:D003108
MESH:D008531,MESH:D003108
MESH:D004239,MESH:D003108
MESH:D012810,MESH:D003108
MESH:D003109,MESH:D003108
MESH:C536377,MESH:D009260
MESH:D010304,MESH:D009260
MESH:D009212,MESH:D009135
MESH:D020914,MESH:D009135
MESH:D009209,MESH:D009135
MESH:D009220,MESH:D009135
MESH:D017240,MESH:D009135
MESH:D009133,MESH:D009135
MESH:D009136,MESH:D009135
MESH:C537377,MESH:D030342
MESH:D003635,MESH:D030342
MESH:C536436,MESH:D030342
MESH:D002806,MESH:D030342
MESH:D009958,MESH:D030342
MESH:D008305,MESH:D030342
MESH:D006319,MESH:D007759
MESH:D009041,MESH:D007759
MESH:D020325,MESH:D008881
MESH:D020326,MESH:D008881
MESH:D013606,MESH:D009494
MESH:D009494,MESH:D009494
MESH:D009494,MESH:D013590
MESH:C536775,MESH:D016920
MESH:D008584,MESH:D016920
MESH:D006925,MESH:D006373
MESH:D004169,MESH:D006373
MESH:D013031,MESH:D006373
MESH:D010237,MESH:D006373
MESH:D005368,MESH:D006373
MESH:D013322,MESH:D006373
MESH:D058429,MESH:D006373
MESH:D005213,MESH:D006373
MESH:D004451,MESH:D006373
MESH:D004011,MESH:D006373
MESH:D017189,MESH:D006373
MESH:D014257,MESH:D006373
MESH:D014252,MESH:D006373
MESH:D000724,MESH:D006373
MESH:D003003,MESH:D006373
MESH:D009889,MESH:D006373
MESH:D004320,MESH:D006373
MESH:D004443,MESH:D006373
MESH:D009332,MESH:D006373
MESH:D017227,MESH:D006373
MESH:D001198,MESH:D006373
MESH:D009814,MESH:D006373
MESH:D001196,MESH:D006373
MESH:D017129,MESH:D006373
MESH:D010123,MESH:D006373
MESH:D014201,MESH:D006373
MESH:D005211,MESH:D006373
MESH:D008989,MESH:D006373
MESH:D014235,MESH:D006373
MESH:D007816,MESH:D006373
MESH:D014353,MESH:D014352
MESH:D014352,MESH:D011528
MESH:D005873,MESH:D011528
MESH:D008288,MESH:D011528
MESH:D001447,MESH:D011528
MESH:D014245,MESH:D011528
MESH:D003048,MESH:D011528
MESH:D013801,MESH:D011528
MESH:D007896,MESH:D011528
MESH:D000562,MESH:D011528
MESH:D004030,MESH:D011528
MESH:D001404,MESH:D011528
MESH:D014985,MESH:D015352
MESH:D007638,MESH:D015352
MESH:D015352,MESH:D007766
MESH:D007766,MESH:D007766
MESH:D007767,MESH:D007766
MESH:D003607,MESH:D007766
MESH:D010211,MESH:D009902
MESH:D000081028,MESH:D009902
MESH:D008067,MESH:D008067
MESH:D008067,MESH:D018205
MESH:D018206,MESH:D008067
MESH:D018206,MESH:D018205
MESH:D003882,MESH:D009220
MESH:D018979,MESH:D009220
MESH:D005356,MESH:D009220
MESH:D009221,MESH:D009220
MESH:D052880,MESH:D009220
MESH:D052256,MESH:D009220
MESH:D015439,MESH:D007918
MESH:D015441,MESH:D007918
MESH:D015440,MESH:D007918
MESH:D015835,MESH:D013285
MESH:D011471,MESH:D005834
MESH:D010412,MESH:D005834
MESH:D013736,MESH:D005834
MESH:C549759,MESH:D011471
MESH:D010245,MESH:D008664
MESH:D007706,MESH:D008664
MESH:D006432,MESH:D008664
MESH:D011547,MESH:D008664
MESH:D006527,MESH:D008664
MESH:D004948,MESH:D004948
MESH:D011928,MESH:D001157
MESH:D003925,MESH:D001157
MESH:D013684,MESH:D001157
MESH:D013919,MESH:D001157
MESH:D008641,MESH:D001157
MESH:D004916,MESH:D001157
MESH:D011317,MESH:D001157
MESH:D010309,MESH:D010305
MESH:D008587,MESH:D008581
MESH:D016921,MESH:D008581
MESH:D001100,MESH:D008581
MESH:D016920,MESH:D008581
MESH:D011009,MESH:D017563
MESH:D017565,MESH:D017563
MESH:D001989,MESH:D017563
MESH:D011658,MESH:D017563
MESH:D000542,MESH:D017563
MESH:D001195,MESH:D011009
MESH:C537080,MESH:D011009
MESH:D001607,MESH:D011009
MESH:D002095,MESH:D011009
MESH:D000874,MESH:D011009
MESH:D012829,MESH:D011009
MESH:D002205,MESH:D011009
MESH:D055008,MESH:D011009
MESH:D012806,MESH:D011009
MESH:D016569,MESH:D005141
MESH:D004774,MESH:D005141
MESH:D004483,MESH:D005141
MESH:D001762,MESH:D005141
MESH:D006726,MESH:D005141
MESH:D007945,MESH:D007938
MESH:D007951,MESH:D007938
MESH:D007947,MESH:D007938
MESH:D007946,MESH:D007938
MESH:D000550,MESH:D000550
MESH:D020968,MESH:D020516
MESH:D015463,MESH:D015451
MESH:D007943,MESH:D015451
MESH:D010005,MESH:D007592
MESH:D025242,MESH:D007592
MESH:D013585,MESH:D007592
MESH:D053684,MESH:D007592
MESH:D019534,MESH:D007592
MESH:D046788,MESH:D007592
MESH:D001177,MESH:D007592
MESH:D000844,MESH:D007592
MESH:D002062,MESH:D007592
MESH:D006395,MESH:D007592
MESH:D010930,MESH:D010930
MESH:D015451,MESH:D007945
MESH:D007952,MESH:D007945
MESH:D007877,MESH:D007876
MESH:D009304,MESH:D009302
MESH:D004933,MESH:D004935
MESH:D004941,MESH:D004935
MESH:D045723,MESH:D004935
MESH:D004931,MESH:D004935
MESH:D015154,MESH:D004935
MESH:D001471,MESH:D004935
MESH:D006627,MESH:D008531
MESH:D008532,MESH:D008531
MESH:D011024,MESH:D011014
MESH:D001996,MESH:D011014
MESH:D011001,MESH:D011014
MESH:D000080203,MESH:D011014
MESH:D011015,MESH:D011014
MESH:D011657,MESH:D011014
MESH:D018410,MESH:D011014
MESH:D012174,MESH:D012162
MESH:C538365,MESH:D012162
MESH:D005901,MESH:D012162
MESH:D008268,MESH:D012162
MESH:D041441,MESH:D012162
MESH:D015794,MESH:D012162
MESH:D011225,MESH:D006973
MESH:D006974,MESH:D006973
MESH:D000075222,MESH:D006973
MESH:D006976,MESH:D006973
MESH:D013981,MESH:D013981
MESH:D005879,MESH:D013981
MESH:D018149,MESH:D006943
MESH:D007787,MESH:D002239
MESH:D046768,MESH:D002239
MESH:D005955,MESH:D002239
MESH:D015325,MESH:D002239
MESH:D015324,MESH:D002239
MESH:D015319,MESH:D002239
MESH:D018981,MESH:D002239
MESH:D005633,MESH:D002239
MESH:D005693,MESH:D002239
MESH:D009395,MESH:D009393
MESH:D005921,MESH:D009393
MESH:D000544,MESH:D024801
MESH:D005902,MESH:D005901
MESH:D015812,MESH:D005901
MESH:D015355,MESH:D005901
MESH:C535998,MESH:D047688
MESH:D008413,MESH:D001941
MESH:D006177,MESH:D001941
MESH:D005348,MESH:D001941
MESH:D005902,MESH:D005902
MESH:D057066,MESH:D005902
MESH:D051437,MESH:D007674
MESH:D009393,MESH:D007674
MESH:D009397,MESH:D007674
MESH:D009401,MESH:D007674
MESH:D011702,MESH:D007674
MESH:D007673,MESH:D007674
MESH:D052177,MESH:D007674
MESH:D006959,MESH:D007674
MESH:D006960,MESH:D007674
MESH:D007681,MESH:D007674
MESH:D010501,MESH:D007674
MESH:D001002,MESH:D007674
MESH:D015499,MESH:D007674
MESH:D011507,MESH:D007674
MESH:D003919,MESH:D007674
MESH:D011697,MESH:D019851
MESH:D004211,MESH:D019851
MESH:D008640,MESH:D008199
MESH:D009080,MESH:D008199
MESH:D008708,MESH:D006453
MESH:D006445,MESH:D006453
MESH:D012719,MESH:D005368
MESH:D008368,MESH:D005368
MESH:D004184,MESH:D005368
MESH:D009855,MESH:D005368
MESH:D004605,MESH:D005368
MESH:D004154,MESH:D005368
MESH:D013276,MESH:D010437
MESH:D004942,MESH:D010437
MESH:D004381,MESH:D010437
MESH:D010439,MESH:D010437
MESH:D020434,MESH:D003389
MESH:D000647,MESH:D019965
MESH:D001008,MESH:D019965
MESH:D019964,MESH:D019965
MESH:D000073605,MESH:D000073605
MESH:D001907,MESH:D000073605
MESH:D009771,MESH:D001008
MESH:D013313,MESH:D001008
MESH:D000275,MESH:D001008
MESH:D003866,MESH:D001008
MESH:D009497,MESH:D001008
MESH:D010698,MESH:D001008
MESH:D016584,MESH:D001008
MESH:D009105,MESH:D004213
MESH:D000647,MESH:D004213
MESH:D003861,MESH:D004213
MESH:D004213,MESH:D001523
MESH:D007174,MESH:D001523
MESH:D019965,MESH:D001523
MESH:D019966,MESH:D001523
MESH:D013001,MESH:D001523
MESH:D002532,MESH:D002539
MESH:D009072,MESH:D002539
MESH:D020244,MESH:D002539
MESH:D020762,MESH:D002539
MESH:D018424,MESH:D002781
MESH:D009402,MESH:D005921
MESH:D015433,MESH:D005921
MESH:D015432,MESH:D005921
MESH:D005922,MESH:D005921
MESH:D009869,MESH:D010049
MESH:D000858,MESH:D010049
MESH:D016471,MESH:D010049
MESH:D016649,MESH:D010049
MESH:D004899,MESH:C562385
MESH:D015299,MESH:D002357
MESH:D013991,MESH:D002357
MESH:D017085,MESH:D013789
MESH:D017086,MESH:D013789
MESH:D020144,MESH:D002561
MESH:D020765,MESH:D002561
MESH:D020301,MESH:D002561
MESH:D002340,MESH:D002561
MESH:D020520,MESH:D002561
MESH:D020767,MESH:D002561
MESH:D020766,MESH:D002561
MESH:D020759,MESH:D002561
MESH:D004684,MESH:D004673
MESH:D000071056,MESH:D001004
MESH:C562733,MESH:D058499
MESH:D011671,MESH:D003788
MESH:D003790,MESH:D003788
MESH:D003784,MESH:D003788
MESH:D011695,MESH:D018366
MESH:D041761,MESH:D005705
MESH:D001657,MESH:D005705
MESH:D008883,MESH:D008883
MESH:D007007,MESH:D013543
MESH:D005588,MESH:D013543
MESH:D008883,MESH:D013543
MESH:D016575,MESH:D013543
MESH:D011146,MESH:D013543
MESH:D015841,MESH:D009916
MESH:D007011,MESH:D010279
MESH:D006961,MESH:D010279
MESH:D010279,MESH:D004700
MESH:D006058,MESH:D004700
MESH:D013959,MESH:D004700
MESH:D000307,MESH:D004700
MESH:D049950,MESH:D006961
MESH:D006962,MESH:D006961
MESH:D009293,MESH:D019966
MESH:D000437,MESH:D019966
MESH:D010623,MESH:D019966
MESH:D019970,MESH:D019966
MESH:D002189,MESH:D019966
MESH:D001063,MESH:D007414
MESH:D002430,MESH:D007414
MESH:D012004,MESH:D007414
MESH:D003110,MESH:D007414
MESH:D001005,MESH:D007414
MESH:D000751,MESH:D000740
MESH:C562385,MESH:D000740
MESH:D000747,MESH:D000740
MESH:D000741,MESH:D000740
MESH:D010198,MESH:D000740
MESH:D000748,MESH:D000740
MESH:D000072861,MESH:D010698
MESH:D000379,MESH:D010698
MESH:C562465,MESH:D010698
MESH:D013985,MESH:D013984
MESH:D004886,MESH:D003872
MESH:D000169,MESH:D003872
MESH:D003877,MESH:D003872
MESH:D010787,MESH:D003872
MESH:D009450,MESH:D003872
MESH:D003876,MESH:D003872
MESH:D016460,MESH:D003872
MESH:D011711,MESH:D003872
MESH:D011565,MESH:D003872
MESH:C562379,MESH:D003872
MESH:D012628,MESH:D003872
MESH:D005889,MESH:D005882
MESH:D019214,MESH:D005882
MESH:D005891,MESH:D005882
MESH:D010497,MESH:D005882
MESH:C562406,MESH:D001745
MESH:D001750,MESH:D001745
MESH:D001748,MESH:D001745
MESH:D003556,MESH:D001745
MESH:D007906,MESH:D007905
MESH:D016510,MESH:D007634
MESH:D003320,MESH:D007634
MESH:D006331,MESH:D002318
MESH:D020758,MESH:D002318
MESH:D014652,MESH:D002318
MESH:D020760,MESH:D002318
MESH:D000783,MESH:D002318
MESH:D011704,MESH:D011702
MESH:D002833,MESH:D015862
MESH:D015799,MESH:D015862
MESH:D005099,MESH:D005099
MESH:D020426,MESH:D020426
MESH:D011559,MESH:D019586
MESH:D020343,MESH:D019586
MESH:D010024,MESH:D001862
MESH:D010002,MESH:D001862
MESH:D010494,MESH:D010493
MESH:D010490,MESH:D010490
MESH:D002305,MESH:D010490
MESH:D003929,MESH:D003929
MESH:D010035,MESH:D010033
MESH:D000079562,MESH:D001068
MESH:D010842,MESH:D001068
MESH:D002032,MESH:D001068
MESH:D000856,MESH:D001068
MESH:D014063,MESH:D014060
MESH:D014064,MESH:D014060
MESH:D005928,MESH:D014060
MESH:D007829,MESH:D007818
MESH:D007827,MESH:D007818
MESH:D057129,MESH:D003317
MESH:D031300,MESH:D014657
MESH:D001528,MESH:D014657
MESH:D020293,MESH:D014657
MESH:D015267,MESH:D014657
MESH:D012790,MESH:D014657
MESH:D010488,MESH:D014657
MESH:D009449,MESH:D013001
MESH:D006998,MESH:D013001
MESH:D013001,MESH:D013001
MESH:D003291,MESH:D013001
MESH:D004402,MESH:D009477
MESH:D017588,MESH:D012734
MESH:D006177,MESH:D012734
MESH:D012734,MESH:D012734
MESH:D005611,MESH:D012734
MESH:D013734,MESH:D012734
MESH:D003117,MESH:D003117
MESH:D009400,MESH:D006977
MESH:D006978,MESH:D006977
MESH:D017098,MESH:D004406
MESH:D017099,MESH:D004406
MESH:D006954,MESH:D006949
MESH:D006954,MESH:D006951
MESH:D006953,MESH:D006949
MESH:D006953,MESH:D006951
MESH:D006950,MESH:D006949
MESH:D006950,MESH:D006951
MESH:D006938,MESH:D006949
MESH:D006938,MESH:D006951
MESH:D008072,MESH:D006949
MESH:D008072,MESH:D006951
MESH:D006952,MESH:D006949
MESH:D006952,MESH:D006951
MESH:D003923,MESH:D003924
MESH:D016883,MESH:D003924
MESH:D016640,MESH:D003920
MESH:D011236,MESH:D003920
MESH:D003924,MESH:D003920
MESH:D003922,MESH:D003920
MESH:D006014,MESH:D006008
MESH:D006012,MESH:D006008
MESH:D006010,MESH:D006008
MESH:D005953,MESH:D006008
MESH:D006011,MESH:D006008
MESH:D006015,MESH:D006008
MESH:D006009,MESH:D006008
MESH:D006013,MESH:D006008
MESH:D042883,MESH:D003137
MESH:D009759,MESH:D009759
MESH:D020417,MESH:D009759
MESH:D006530,MESH:D008107
MESH:D002780,MESH:D008107
MESH:D006521,MESH:D008107
MESH:D008103,MESH:D008107
MESH:D020065,MESH:D008107
MESH:D016738,MESH:D008107
MESH:D009404,MESH:D009401
MESH:D003329,MESH:D003324
MESH:D003329,MESH:D017202
MESH:D003329,MESH:D003327
MESH:D003328,MESH:D003324
MESH:D003328,MESH:D017202
MESH:D003328,MESH:D003327
MESH:D023921,MESH:D003324
MESH:D023921,MESH:D017202
MESH:D023921,MESH:D003327
MESH:D009203,MESH:D003324
MESH:D009203,MESH:D017202
MESH:D009203,MESH:D003327
MESH:D000789,MESH:D003324
MESH:D000789,MESH:D017202
MESH:D000789,MESH:D003327
MESH:D020429,MESH:D020422
MESH:D020425,MESH:D020422
MESH:D020428,MESH:D020422
MESH:D020427,MESH:D020422
MESH:D020424,MESH:D020422
MESH:D013282,MESH:D013280
MESH:D013281,MESH:D013280
MESH:D005892,MESH:D013280
MESH:D014516,MESH:D014571
MESH:D014523,MESH:D014571
MESH:D014625,MESH:D005833
MESH:D014846,MESH:D005833
MESH:D005185,MESH:D005833
MESH:D010051,MESH:D005833
MESH:D014594,MESH:D005833
MESH:D002583,MESH:D005833
MESH:D004473,MESH:D007169
MESH:D010524,MESH:D009380
MESH:D018317,MESH:D009380
MESH:D017599,MESH:D009380
MESH:D016543,MESH:D009380
MESH:D006258,MESH:D009371
MESH:D004701,MESH:D009371
MESH:D009380,MESH:D009371
MESH:D005770,MESH:D009371
MESH:D004067,MESH:D009371
MESH:D013899,MESH:D009371
MESH:D012186,MESH:D009371
MESH:D009767,MESH:D009765
MESH:D013086,MESH:D013733
MESH:D009920,MESH:D013733
MESH:D013088,MESH:D005832
MESH:D006398,MESH:D005832
MESH:D007248,MESH:D005832
MESH:D013733,MESH:D005832
MESH:D011469,MESH:D005832
MESH:D004823,MESH:D005832
MESH:D018917,MESH:D009901
MESH:D009902,MESH:D009901
MESH:D015594,MESH:D009901
MESH:D010211,MESH:D009901
MESH:D009896,MESH:D009901
MESH:D029242,MESH:D009901
MESH:D015864,MESH:D014605
MESH:D015867,MESH:D014605
MESH:D015829,MESH:D014605
MESH:C536281,MESH:D006486
MESH:D006486,MESH:D019189
MESH:D019263,MESH:D019964
MESH:D003863,MESH:D019964
MESH:D001714,MESH:D019964
MESH:C536591,MESH:D004443
MESH:D008582,MESH:D008587
MESH:D002349,MESH:D009408
MESH:D006042,MESH:D013959
MESH:D013958,MESH:D013959
MESH:D007037,MESH:D013959
MESH:D006981,MESH:D013959
MESH:D005067,MESH:D013959
MESH:D013966,MESH:D013959
MESH:D013971,MESH:D013959
MESH:D006980,MESH:D013959
MESH:D017074,MESH:D000361
MESH:C537409,MESH:D000361
MESH:D012811,MESH:D003110
MESH:D019595,MESH:D003715
MESH:D008105,MESH:D008103
MESH:D008104,MESH:D008103
MESH:D001655,MESH:D001660
MESH:D001649,MESH:D001660
MESH:D017562,MESH:D001660
MESH:D009503,MESH:D000380
MESH:D015783,MESH:D007499
MESH:D017889,MESH:D007499
MESH:D007500,MESH:D007499
MESH:D012563,MESH:D012559
MESH:D007566,MESH:D006933
MESH:D007566,MESH:D006932
MESH:D005878,MESH:D006933
MESH:D005878,MESH:D006932
MESH:D003414,MESH:D006933
MESH:D003414,MESH:D006932
MESH:D014582,MESH:D034701
MESH:D034701,MESH:D034701
MESH:D011502,MESH:D011502
MESH:D007732,MESH:D011502
MESH:D014190,MESH:D005329
MESH:D014897,MESH:D014897
MESH:D009134,MESH:D016472
MESH:D016472,MESH:D016472
MESH:D000690,MESH:D016472
MESH:D010244,MESH:D016472
MESH:D009443,MESH:D016472
MESH:D017029,MESH:D004828
MESH:D020938,MESH:D004828
MESH:D004833,MESH:D004828
MESH:D020937,MESH:D004828
MESH:D017034,MESH:D004828
MESH:D013436,MESH:D001796
MESH:D018455,MESH:D001796
MESH:D001778,MESH:D006402
MESH:D000740,MESH:D006402
MESH:D004612,MESH:D006402
MESH:D001787,MESH:D006402
MESH:D001855,MESH:D006402
MESH:D001796,MESH:D006402
MESH:D007960,MESH:D006402
MESH:D020330,MESH:D005158
MESH:D012167,MESH:D012163
MESH:D011009,MESH:D000542
MESH:D001716,MESH:D000542
MESH:D005203,MESH:D000542
MESH:D018877,MESH:D000542
MESH:D013641,MESH:D020429
MESH:D014253,MESH:D014252
MESH:D006188,MESH:D014252
MESH:D010029,MESH:D014252
MESH:D006501,MESH:D006501
MESH:D006463,MESH:D000743
MESH:D006456,MESH:D000743
MESH:D000745,MESH:D000743
MESH:D007683,MESH:D058186
MESH:D017246,MESH:D017240
MESH:D017237,MESH:D017240
MESH:D060705,MESH:D007859
MESH:D015866,MESH:D015864
MESH:D014606,MESH:D015864
MESH:D014524,MESH:D014522
MESH:D014526,MESH:D014522
MESH:D010249,MESH:D000292
MESH:D046248,MESH:D011707
MESH:D011707,MESH:D017219
MESH:D006551,MESH:D013272
MESH:D017219,MESH:D013272
MESH:D013271,MESH:D013272
MESH:D005756,MESH:D013272
MESH:D004383,MESH:D013272
MESH:D045724,MESH:D013272
MESH:D000160,MESH:D003389
MESH:D015835,MESH:D003389
MESH:D020432,MESH:D003389
MESH:D005155,MESH:D003389
MESH:D009901,MESH:D003389
MESH:D003389,MESH:D003389
MESH:C535908,MESH:D003389
MESH:D006934,MESH:D002128
MESH:D002114,MESH:D002128
MESH:D020338,MESH:D000160
MESH:D009464,MESH:D009442
MESH:C536641,MESH:D009442
MESH:D000080422,MESH:D009422
MESH:D002493,MESH:D009422
MESH:D020258,MESH:D009422
MESH:D005862,MESH:D009422
MESH:D010854,MESH:D010854
MESH:C000656904,MESH:D010854
MESH:D014010,MESH:D010854
MESH:D002537,MESH:D050197
MESH:D015868,MESH:D002825
MESH:D021866,MESH:D003048
MESH:D003457,MESH:D003048
MESH:D021865,MESH:D003048
MESH:D012523,MESH:D003048
MESH:D014123,MESH:D003048
MESH:D002830,MESH:D014604
MESH:D015811,MESH:D014604
MESH:C536494,MESH:D014604
MESH:D020333,MESH:D015835
MESH:D009886,MESH:D015835
MESH:D009759,MESH:D015835
MESH:D016532,MESH:D009083
MESH:D009087,MESH:D009083
MESH:D009084,MESH:D009083
MESH:D008059,MESH:D009083
MESH:D016538,MESH:D009083
MESH:D009085,MESH:D009083
MESH:D019846,MESH:D020275
MESH:D007000,MESH:D009198
MESH:D012610,MESH:D009198
MESH:D004719,MESH:D002313
MESH:D007625,MESH:D017246
MESH:D013103,MESH:D000745
MESH:D000742,MESH:D000745
MESH:D006453,MESH:D000745
MESH:D000746,MESH:D000745
MESH:D016780,MESH:D008288
MESH:D016778,MESH:D008288
MESH:D001742,MESH:D008288
MESH:D016779,MESH:D008288
MESH:D018921,MESH:D007960
MESH:D008415,MESH:D007960
MESH:D007970,MESH:D007960
MESH:D004802,MESH:D007960
MESH:D000380,MESH:D007970
MESH:D008231,MESH:D007970
MESH:D016893,MESH:D002340
MESH:D002341,MESH:D002340
MESH:D014715,MESH:D002546
MESH:D060368,MESH:D003881
MESH:D008271,MESH:D003881
MESH:D020236,MESH:D000647
MESH:D000648,MESH:D000647
MESH:D020324,MESH:D000647
MESH:D012061,MESH:D012061
MESH:D010547,MESH:D006976
MESH:D011668,MESH:D006976
MESH:D007969,MESH:D004678
MESH:D015356,MESH:D015356
MESH:D002537,MESH:D001161
MESH:D050197,MESH:D001161
MESH:D007383,MESH:D001161
MESH:D001162,MESH:D001161
MESH:D050379,MESH:D001161
MESH:D014605,MESH:D014603
MESH:D015862,MESH:D014603
MESH:D007499,MESH:D014603
MESH:D001229,MESH:D001228
MESH:D020953,MESH:D001228
MESH:D006073,MESH:D001168
MESH:D015210,MESH:D001168
MESH:D016706,MESH:D001168
MESH:D016918,MESH:D001168
MESH:D001172,MESH:D001168
MESH:D001170,MESH:D001168
MESH:D001932,MESH:D016543
MESH:D003390,MESH:D016543
MESH:D008579,MESH:D016543
MESH:D013125,MESH:D016543
MESH:D013120,MESH:D016543
MESH:D047268,MESH:D006042
MESH:D006044,MESH:D006042
MESH:D006045,MESH:D006042
MESH:D046349,MESH:D017094
MESH:D046351,MESH:D017094
MESH:D017119,MESH:D017094
MESH:D017118,MESH:D017094
MESH:D046350,MESH:D017094
MESH:D017121,MESH:D017094
MESH:D017092,MESH:D011164
MESH:D017094,MESH:D011164
MESH:D012544,MESH:D055034
MESH:D007873,MESH:D055034
MESH:D014125,MESH:D014123
MESH:D046789,MESH:D002357
MESH:D011081,MESH:D002357
MESH:D004535,MESH:D003095
MESH:D008947,MESH:D003095
MESH:D012594,MESH:D003095
MESH:D011111,MESH:D003095
MESH:D016750,MESH:D009069
MESH:D020329,MESH:D009069
MESH:D004421,MESH:D009069
MESH:D020821,MESH:D009069
MESH:D013494,MESH:D009069
MESH:D020820,MESH:D009069
MESH:D012612,MESH:D014438
MESH:D012612,MESH:D014437
MESH:D013700,MESH:D020293
MESH:D000749,MESH:D000748
MESH:C571911,MESH:D000881
MESH:C531621,MESH:D000881
MESH:D029503,MESH:D029502
MESH:D005199,MESH:D029502
MESH:D012010,MESH:D000741
MESH:D029502,MESH:D000741
MESH:D000750,MESH:D000741
MESH:D000756,MESH:D000741
MESH:D014608,MESH:D012507
MESH:D015423,MESH:D015422
MESH:D020331,MESH:D005155
MESH:D005156,MESH:D005155
MESH:D005158,MESH:D005155
MESH:D005155,MESH:D005155
MESH:D005150,MESH:D005155
MESH:D010254,MESH:D009668
MESH:D006103,MESH:D009668
MESH:D005330,MESH:D000751
MESH:D008444,MESH:D010255
MESH:D004368,MESH:D010522
MESH:D004461,MESH:D011225
MESH:D041781,MESH:D002779
MESH:D001656,MESH:D002779
MESH:D001651,MESH:D002779
MESH:D054092,MESH:D006344
MESH:D008185,MESH:D006344
MESH:D005236,MESH:D005955
MESH:D004673,MESH:D004660
MESH:D004684,MESH:D004660
MESH:D004671,MESH:D004660
MESH:D016889,MESH:D014594
MESH:D004374,MESH:D006330
MESH:D006343,MESH:D006330
MESH:D012587,MESH:D006330
MESH:D013771,MESH:D006330
MESH:D003914,MESH:D006330
MESH:D018636,MESH:D006330
MESH:D000012,MESH:D007009
MESH:D013631,MESH:D007009
MESH:D006995,MESH:D007009
MESH:D007863,MESH:D007009
MESH:D010212,MESH:D010212
MESH:D018300,MESH:D010212
MESH:D020288,MESH:D010212
MESH:D000236,MESH:D010212
MESH:D018308,MESH:D010212
MESH:D057765,MESH:D004941
MESH:D005892,MESH:D005891
MESH:D018856,MESH:D003556
MESH:D017545,MESH:D001019
MESH:D017545,MESH:D001014
MESH:D017544,MESH:D001019
MESH:D017544,MESH:D001014
MESH:D020941,MESH:D009157
MESH:C563177,MESH:D006929
MESH:C563177,MESH:D003480
MESH:D017213,MESH:D003731
MESH:D008069,MESH:D008068
MESH:C535549,MESH:D008068
MESH:D000274,MESH:D008068
MESH:D018438,MESH:D017700
MESH:D053039,MESH:D014515
MESH:D014518,MESH:D014515
MESH:D014718,MESH:D014515
MESH:D006849,MESH:D006849
MESH:D018306,MESH:D002551
MESH:D016545,MESH:D002551
MESH:D006623,MESH:D018325
MESH:D003882,MESH:D003882
MESH:D024821,MESH:D044343
MESH:D009765,MESH:D044343
MESH:D006986,MESH:D044343
MESH:D002180,MESH:D002177
MESH:D002178,MESH:D002177
MESH:D002181,MESH:D002177
MESH:D015209,MESH:D002761
MESH:D002764,MESH:D002761
MESH:D004654,MESH:D016724
MESH:D010301,MESH:D010302
MESH:D013969,MESH:D013966
MESH:D013968,MESH:D013966
MESH:D006059,MESH:D007006
MESH:D017436,MESH:D007006
MESH:D005058,MESH:D007006
MESH:D006061,MESH:D006059
MESH:D023961,MESH:D006059
MESH:D014424,MESH:D006059
MESH:D006060,MESH:D014424
MESH:D020513,MESH:D010245
MESH:D020514,MESH:D010245
MESH:D002007,MESH:D002006
MESH:D006559,MESH:D012872
MESH:D004820,MESH:D012872
MESH:D004377,MESH:D011178
MESH:D000343,MESH:D011178
MESH:D009542,MESH:D015616
MESH:D031249,MESH:D015616
MESH:D012618,MESH:D015616
MESH:D014972,MESH:D015616
MESH:D012391,MESH:D014091
MESH:D009901,MESH:D010211
MESH:D011472,MESH:D011469
MESH:D005693,MESH:D005693
MESH:C536194,MESH:D004535
MESH:C536196,MESH:D004535
MESH:C536198,MESH:D004535
MESH:D054179,MESH:D000799
MESH:D010520,MESH:D010518
MESH:D010485,MESH:D010518
MESH:D005882,MESH:D010510
MESH:D010518,MESH:D010510
MESH:D010201,MESH:D015434
MESH:D015434,MESH:D005356
MESH:D010282,MESH:D004701
MESH:D018358,MESH:D004701
MESH:D013964,MESH:D004701
MESH:D010911,MESH:D004701
MESH:D010190,MESH:D004701
MESH:D000310,MESH:D004701
MESH:D010871,MESH:D004701
MESH:D001183,MESH:D007105
MESH:D018366,MESH:D007105
MESH:D006850,MESH:D006849
MESH:D045745,MESH:D012595
MESH:D045743,MESH:D012595
MESH:D014387,MESH:D007827
MESH:D001943,MESH:D013899
MESH:D008479,MESH:D013899
MESH:D018567,MESH:D001943
MESH:D003557,MESH:D001943
MESH:D001943,MESH:D001943
MESH:D015173,MESH:D001932
MESH:D015192,MESH:D001932
MESH:D018302,MESH:D001932
MESH:D010871,MESH:D010871
MESH:D001024,MESH:D000082862
MESH:D001023,MESH:D000082862
MESH:D001022,MESH:D000082862
MESH:D049309,MESH:D012878
MESH:D005142,MESH:D012878
MESH:D016586,MESH:D012878
MESH:D013544,MESH:D012878
MESH:D012626,MESH:D012878
MESH:D049309,MESH:D018307
MESH:D002294,MESH:D002277
MESH:D002294,MESH:D009375
MESH:D018307,MESH:D002277
MESH:D018307,MESH:D009375
MESH:D018278,MESH:D002277
MESH:D018278,MESH:D009375
MESH:D002295,MESH:D002277
MESH:D002295,MESH:D009375
MESH:D000230,MESH:D002277
MESH:D000230,MESH:D009375
MESH:D018267,MESH:D002277
MESH:D018267,MESH:D009375
MESH:D002291,MESH:D002277
MESH:D002291,MESH:D009375
MESH:D018287,MESH:D002277
MESH:D018287,MESH:D009375
MESH:D006660,MESH:C538362
MESH:D006660,MESH:D006660
MESH:D008556,MESH:D002613
MESH:D002613,MESH:D008047
MESH:D018273,MESH:D007516
MESH:C536126,MESH:D007516
MESH:D007516,MESH:D010190
MESH:C562463,MESH:D010190
MESH:D020422,MESH:D009443
MESH:D012019,MESH:D020918
MESH:D002422,MESH:D020918
MESH:D013226,MESH:D004827
MESH:D004829,MESH:D004827
MESH:D004828,MESH:D004827
MESH:D001859,MESH:D009372
MESH:D005870,MESH:D009372
MESH:D006393,MESH:D009372
MESH:D002804,MESH:D009372
MESH:D008637,MESH:D009372
MESH:D018228,MESH:D009372
MESH:D018218,MESH:D009372
MESH:D005354,MESH:D009372
MESH:D002813,MESH:D009372
MESH:D009236,MESH:D009372
MESH:D051642,MESH:D009372
MESH:D047708,MESH:D009372
MESH:D010997,MESH:D009372
MESH:D012514,MESH:D009372
MESH:D007573,MESH:D001859
MESH:D012888,MESH:D001859
MESH:D050398,MESH:D001859
MESH:C562741,MESH:D001859
MESH:D018213,MESH:D001859
MESH:D012516,MESH:D001859
MESH:D012512,MESH:D001859
MESH:D018241,MESH:D001859
MESH:C563168,MESH:D001859
MESH:D009918,MESH:D001859
MESH:D005266,MESH:D001859
MESH:D006101,MESH:D018212
MESH:D006524,MESH:D006521
MESH:D056487,MESH:D006521
MESH:D051677,MESH:D051642
MESH:D018219,MESH:D051642
MESH:D018240,MESH:D009373
MESH:D009373,MESH:D009373
MESH:D018237,MESH:D009373
MESH:D018239,MESH:D009373
MESH:D004407,MESH:D009373
MESH:D012734,MESH:D006058
MESH:D007006,MESH:D006058
MESH:D021921,MESH:D001024
MESH:D001020,MESH:D001024
MESH:D050197,MESH:D050197
MESH:D005185,MESH:D005185
MESH:D018195,MESH:D002296
MESH:D018195,MESH:D018200
MESH:D018195,MESH:D018199
MESH:D018194,MESH:D002296
MESH:D018194,MESH:D018200
MESH:D018194,MESH:D018199
MESH:D012004,MESH:D015179
MESH:D003110,MESH:D015179
MESH:D006946,MESH:D044882
MESH:D006943,MESH:D044882
MESH:D003920,MESH:D044882
MESH:D007003,MESH:D044882
MESH:D005097,MESH:D005096
MESH:D036982,MESH:D005096
MESH:D018252,MESH:D013544
MESH:D009208,MESH:D013544
MESH:D006607,MESH:D013544
MESH:D009396,MESH:D007680
MESH:D014627,MESH:D014623
MESH:D019522,MESH:D014623
MESH:D000567,MESH:D003744
MESH:D006474,MESH:D001778
MESH:D019851,MESH:D001778
MESH:D001791,MESH:D006474
MESH:D011693,MESH:D006474
MESH:D020141,MESH:D006474
MESH:D002546,MESH:D002545
MESH:D002577,MESH:D014591
MESH:D062788,MESH:D014591
MESH:D010922,MESH:D014591
MESH:D011248,MESH:D014591
MESH:D006409,MESH:D014591
MESH:D019687,MESH:D014591
MESH:D017497,MESH:D016575
MESH:D002545,MESH:D007511
MESH:D003161,MESH:D007511
MESH:D008339,MESH:D007573
MESH:D008441,MESH:D007573
MESH:D003394,MESH:D003398
MESH:D011186,MESH:D014689
MESH:D000172,MESH:D006964
MESH:D047748,MESH:D006964
MESH:D015419,MESH:D010264
MESH:D018437,MESH:D010264
MESH:D013159,MESH:D013158
MESH:D006971,MESH:D013158
MESH:D009021,MESH:D009293
MESH:D006556,MESH:D009293
MESH:D010482,MESH:D010485
MESH:D010484,MESH:D010485
MESH:D002575,MESH:D002577
MESH:D002579,MESH:D002577
MESH:D002581,MESH:D002577
MESH:D015620,MESH:D015614
MESH:C538636,MESH:D015614
MESH:D006646,MESH:D015614
MESH:D015616,MESH:D015614
MESH:C535761,MESH:D009404
MESH:D003537,MESH:D000236
MESH:D007340,MESH:D000236
MESH:D007516,MESH:D000236
MESH:D000236,MESH:D000236
MESH:D054363,MESH:D008654
MESH:D018254,MESH:D008654
MESH:D009214,MESH:D019042
MESH:D009214,MESH:D009379
MESH:D018235,MESH:D019042
MESH:D018235,MESH:D009379
MESH:D009379,MESH:D019042
MESH:D009379,MESH:D009379
MESH:D000070779,MESH:D012983
MESH:D013586,MESH:D013585
MESH:D017453,MESH:D003877
MESH:D017449,MESH:D003877
MESH:D009783,MESH:D003877
MESH:D050398,MESH:D050398
MESH:D050398,MESH:C562741
MESH:C562741,MESH:D050398
MESH:C562741,MESH:C562741
MESH:D003390,MESH:D003390
MESH:D019574,MESH:D003390
MESH:D042101,MESH:D002764
MESH:D041882,MESH:D002764
MESH:C536762,MESH:D002764
MESH:D001249,MESH:D001982
MESH:D029481,MESH:D001982
MESH:D001991,MESH:D001982
MESH:D001987,MESH:D001982
MESH:D016889,MESH:D016889
MESH:D018269,MESH:D016889
MESH:D036821,MESH:D016889
MESH:D012181,MESH:D004427
MESH:D007759,MESH:D004427
MESH:D010195,MESH:D010195
MESH:D019512,MESH:D010195
MESH:D014397,MESH:D014375
MESH:D018088,MESH:D014375
MESH:D010489,MESH:D002062
MESH:D006106,MESH:D010051
MESH:D044584,MESH:D001943
MESH:D002286,MESH:D001943
MESH:D000230,MESH:D001943
MESH:D018270,MESH:D044584
MESH:D019966,MESH:D019966
MESH:D058186,MESH:D051437
MESH:D014511,MESH:D051437
MESH:D007676,MESH:D051437
MESH:D002288,MESH:D000230
MESH:D003536,MESH:D000230
MESH:D000231,MESH:D000230
MESH:D018279,MESH:D000230
MESH:D002293,MESH:D000230
MESH:D008649,MESH:D000230
MESH:D018262,MESH:D000230
MESH:D000230,MESH:D000230
MESH:D005512,MESH:D006967
MESH:D001449,MESH:D009395
MESH:D005909,MESH:D001254
MESH:D001254,MESH:D001254
MESH:D018302,MESH:D001254
MESH:D001254,MESH:D005910
MESH:D009837,MESH:D005910
MESH:D005910,MESH:D005910
MESH:D018316,MESH:D005909
MESH:D005909,MESH:D005909
MESH:D018191,MESH:D008202
MESH:D029424,MESH:D008173
MESH:D017243,MESH:D017237
MESH:D017241,MESH:D017237
MESH:D018344,MESH:D008231
MESH:D018283,MESH:D003536
MESH:D018284,MESH:D003536
MESH:D018282,MESH:D003536
MESH:D005706,MESH:D001661
MESH:D001650,MESH:D001661
MESH:D000070779,MESH:D005870
MESH:D018212,MESH:D005870
MESH:D009134,MESH:D013118
MESH:D013595,MESH:D013118
MESH:D009837,MESH:D009837
MESH:D017696,MESH:D020914
MESH:D020512,MESH:D020914
MESH:D009442,MESH:D009463
MESH:D018317,MESH:D010524
MESH:D018317,MESH:D018317
MESH:D016109,MESH:D004820
MESH:D016107,MESH:D004820
MESH:D016110,MESH:D004820
MESH:D016108,MESH:D004820
MESH:D011017,MESH:D011015
MESH:D018233,MESH:D012208
MESH:D018232,MESH:D012208
MESH:D010585,MESH:D007153
MESH:D000081208,MESH:D007153
MESH:D006105,MESH:D010585
MESH:D013945,MESH:D013953
MESH:D013724,MESH:D009373
MESH:D014328,MESH:D009373
MESH:D018236,MESH:D009373
MESH:D013661,MESH:D020143
MESH:D012497,MESH:D020143
MESH:D049290,MESH:D020143
MESH:D020143,MESH:D005733
MESH:D016537,MESH:D005733
MESH:D010000,MESH:D001847
MESH:D003323,MESH:D006322
MESH:D016585,MESH:D014627
MESH:D014604,MESH:D005134
MESH:D019572,MESH:D005134
MESH:D003230,MESH:D005134
MESH:D034721,MESH:D008415
MESH:D034701,MESH:D008415
MESH:D018223,MESH:D018218
MESH:D018223,MESH:D005354
MESH:D018319,MESH:D009455
MESH:D018318,MESH:D009455
MESH:D014854,MESH:D020526
MESH:D020526,MESH:D020520
MESH:D002544,MESH:D020520
MESH:D002539,MESH:D020765
MESH:D020243,MESH:D002544
MESH:D020192,MESH:D020191
MESH:D020194,MESH:D020191
MESH:D013478,MESH:D004380
MESH:D004380,MESH:D007415
MESH:D045823,MESH:D007415
MESH:D007418,MESH:D007415
MESH:D045822,MESH:D007415
MESH:D007443,MESH:D007415
MESH:D011553,MESH:D001063
MESH:D012851,MESH:D020767
MESH:D020227,MESH:D012851
MESH:D020226,MESH:D012851
MESH:D020225,MESH:D012851
MESH:D021441,MESH:C562463
MESH:C537162,MESH:C562463
MESH:D031901,MESH:D014328
MESH:D006828,MESH:D014328
MESH:D018245,MESH:D002822
MESH:D031954,MESH:D002822
MESH:D015882,MESH:D012173
MESH:D015174,MESH:D013125
MESH:D015174,MESH:D013120
MESH:D001019,MESH:D001018
MESH:D001014,MESH:D001018
MESH:D001025,MESH:D001018
MESH:D007029,MESH:D015173
MESH:D021182,MESH:D005512
MESH:D016269,MESH:D005512
MESH:D021181,MESH:D005512
MESH:D021184,MESH:D005512
MESH:D010954,MESH:D010265
MESH:D018289,MESH:D002294
MESH:D018289,MESH:D018307
MESH:D002277,MESH:D002294
MESH:D002277,MESH:D018307
MESH:D018196,MESH:D002294
MESH:D018196,MESH:D018307
MESH:D007973,MESH:D019522
MESH:D008579,MESH:D008579
MESH:C537443,MESH:D008579
MESH:D016724,MESH:D010995
MESH:D017454,MESH:D010787
MESH:D017484,MESH:D010787
MESH:D011040,MESH:D017449
MESH:D000238,MESH:D010911
MESH:D000237,MESH:D010911
MESH:D000239,MESH:D010911
MESH:D019292,MESH:D012888
MESH:D003397,MESH:D003397
MESH:D008527,MESH:D018242
MESH:D008527,MESH:D008527
MESH:D013924,MESH:D010689
MESH:D014847,MESH:D014845
MESH:D000077192,MESH:D002289
MESH:D000868,MESH:D003161
MESH:D018268,MESH:D000306
MESH:D000303,MESH:D000307
MESH:D014884,MESH:D000307
MESH:D018263,MESH:D013964
MESH:D000077273,MESH:D013964
MESH:C536913,MESH:D013964
MESH:D013964,MESH:D013964
MESH:D018265,MESH:D000077273
MESH:C536914,MESH:D018263
MESH:D014393,MESH:D014385
MESH:D014386,MESH:D014385
MESH:D014395,MESH:D014385
MESH:D008107,MESH:D004066
MESH:D001660,MESH:D004066
MESH:D000377,MESH:D003147
MESH:D013064,MESH:D003147
MESH:D007806,MESH:D003147
MESH:D004894,MESH:D011711
MESH:D007169,MESH:D011711
MESH:D017511,MESH:D011711
MESH:D008579,MESH:D009918
MESH:C537131,MESH:D009918
MESH:C536773,MESH:D002601
MESH:C536774,MESH:D002601
MESH:D013592,MESH:D002601
MESH:D013590,MESH:D002601
MESH:D018305,MESH:D009447
MESH:D012203,MESH:D001787
MESH:D012595,MESH:D012594
MESH:D012594,MESH:D012594
MESH:D001184,MESH:D013064
MESH:D004454,MESH:D013064
MESH:D009155,MESH:D013064
MESH:D006983,MESH:D006201
MESH:D005499,MESH:D006201
MESH:D007039,MESH:D006201
MESH:D018203,MESH:D036821
MESH:D002296,MESH:D018198
MESH:D018200,MESH:D018198
MESH:D018199,MESH:D018198
MESH:D023903,MESH:D023921
MESH:D018229,MESH:D007889
MESH:D018231,MESH:D007889
MESH:D016890,MESH:D016881
MESH:D011843,MESH:D011128
MESH:D011128,MESH:D011129
MESH:D011129,MESH:D011115
MESH:D049309,MESH:D049309
MESH:D018328,MESH:D008545
MESH:D043204,MESH:D043202
MESH:D021183,MESH:D021184
MESH:D008269,MESH:D008269
MESH:D008269,MESH:D010211
MESH:D006929,MESH:D000308
MESH:D003480,MESH:D000308
MESH:D002292,MESH:D002292
MESH:C538614,MESH:D002292
MESH:D005585,MESH:D007251
MESH:D018211,MESH:D002813
MESH:D000077207,MESH:D002813
MESH:D000694,MESH:D001005
MESH:D008158,MESH:D002481
MESH:D012175,MESH:D012175
MESH:D018319,MESH:D018317
MESH:D009455,MESH:D018317
MESH:D012223,MESH:D012220
MESH:D012222,MESH:D012220
MESH:D002115,MESH:D002114
MESH:D004057,MESH:D002114
MESH:D006391,MESH:D006391
MESH:D018325,MESH:D006391
MESH:D020955,MESH:D012791
MESH:D020955,MESH:D019578
MESH:C537516,MESH:D018202
MESH:D018489,MESH:D009041
MESH:D034721,MESH:D034721
MESH:D019294,MESH:D014973
MESH:D006392,MESH:D020141
MESH:D018315,MESH:D004806
MESH:D004806,MESH:D004806
MESH:D001650,MESH:D001650
MESH:D010911,MESH:D010911
MESH:D002282,MESH:D000077192
MESH:D018285,MESH:D018281
MESH:D018281,MESH:D018281
MESH:D065311,MESH:D002278
MESH:D000071960,MESH:D002278
MESH:D018290,MESH:D002278
MESH:D016262,MESH:D011051
MESH:D004604,MESH:D008209
MESH:D020339,MESH:D019574
MESH:C000608854,MESH:D019574
MESH:D002281,MESH:D018295
MESH:D001254,MESH:D018315
MESH:D004428,MESH:D004428
MESH:D003677,MESH:D009748
MESH:D044343,MESH:D009748
MESH:C562731,MESH:D003884
MESH:D007890,MESH:D007890
MESH:D010263,MESH:D010688
MESH:C536227,MESH:D009503
MESH:D018208,MESH:D008080
MESH:D008080,MESH:D008080
MESH:D003074,MESH:D008175
MESH:D018288,MESH:D055752
MESH:D000074009,MESH:D006607
MESH:D062625,MESH:D000232
MESH:C563236,MESH:D013736
MESH:D013724,MESH:D013724
MESH:C562943,MESH:D016545
MESH:D012488,MESH:D005184
MESH:C535700,MESH:D008637
MESH:D021922,MESH:D001020
MESH:D056988,MESH:D009203
MESH:D056989,MESH:D009203
MESH:D017682,MESH:D009203
MESH:D003231,MESH:D003229
MESH:D000082862,MESH:D016127
MESH:D000082862,MESH:D006349
MESH:D000236,MESH:D013964
MESH:D000163,MESH:D015658
MESH:D004673,MESH:D004679
MESH:D004310,MESH:D006345
MESH:D003240,MESH:D009140
MESH:D008661,MESH:D008659
MESH:D020339,MESH:D020339
MESH:D000306,MESH:D000310
MESH:D007027,MESH:D007027
MESH:D002194,MESH:D012563
MESH:D018197,MESH:D008113
MESH:D005887,MESH:D005882
MESH:D000086002,MESH:D010997
MESH:D020435,MESH:D009443
MESH:D012532,MESH:D008924
MESH:D014323,MESH:D008924
MESH:D001064,MESH:D002429
MESH:D011086,MESH:D001855
MESH:D003527,MESH:D001714
MESH:D007012,MESH:D010610
MESH:D009303,MESH:D010610
MESH:D012751,MESH:D016410
MESH:D009182,MESH:D016410
MESH:D006689,MESH:D006689
MESH:D028921,MESH:D009100
MESH:D028922,MESH:D009100
MESH:D006558,MESH:D006561
MESH:D007617,MESH:D006561
MESH:D005758,MESH:D005756
MESH:D005757,MESH:D005756
MESH:D011662,MESH:D011666
MESH:D017515,MESH:D011565
MESH:D010267,MESH:D011565
MESH:D010916,MESH:D011565
MESH:C562393,MESH:D012878
MESH:D063807,MESH:D012628
MESH:D011087,MESH:D011086
MESH:D016773,MESH:D007896
MESH:D007898,MESH:D007896
MESH:D007897,MESH:D007896
MESH:D015470,MESH:D007951
MESH:D012899,MESH:D012899
MESH:D028243,MESH:D000686
MESH:D020163,MESH:D056806
MESH:D020159,MESH:D056806
MESH:D020162,MESH:D056806
MESH:D013224,MESH:D001249
MESH:C580003,MESH:D007018
MESH:D007018,MESH:D007018
MESH:D019052,MESH:D003866
MESH:D011657,MESH:D004802
MESH:D016603,MESH:D004802
MESH:D011657,MESH:D011657
MESH:D036981,MESH:D005208
MESH:D019115,MESH:D005208
MESH:D009625,MESH:D005892
MESH:D013717,MESH:D052256
MESH:D003234,MESH:D003231
MESH:D014398,MESH:D014401
MESH:D008575,MESH:D018159
MESH:D000505,MESH:D007039
MESH:C535758,MESH:D054537
MESH:D017043,MESH:D001762
MESH:D009494,MESH:C536774
